symbol,series,date,Prev Close,open,high,low,Last Price,close,Average Price,volume,Turnover ₹,No. of Trades,Deliverable Qty,% Dly Qt to Traded Qty
JSWENERGY,EQ,22-Jan-2025,557.55,557.55,561.5,541.3,549.8,550.0,548.79,"22,40,871","1,22,97,64,426.90","62,838","12,65,551",56.48
JSWENERGY,EQ,23-Jan-2025,550.0,546.95,559.65,540.8,551.5,552.1,551.2,"17,16,243","94,59,90,816.40","41,642","8,03,559",46.82
JSWENERGY,EQ,24-Jan-2025,552.1,555.0,564.0,538.1,544.55,544.15,549.56,"21,08,004","1,15,84,77,246.10","64,886","7,47,706",35.47
JSWENERGY,EQ,27-Jan-2025,544.15,540.0,542.3,530.0,532.8,534.35,536.47,"24,52,402","1,31,56,40,389.55","63,250","13,21,338",53.88
JSWENERGY,EQ,28-Jan-2025,534.35,531.5,534.35,502.2,504.0,504.0,510.71,"48,51,730","2,47,78,25,336.80","1,18,185","21,58,967",44.50
JSWENERGY,EQ,29-Jan-2025,504.0,463.7,488.35,453.6,473.8,474.75,470.72,"2,89,08,664","13,60,80,26,844.95","3,03,890","1,19,39,217",41.30
JSWENERGY,EQ,30-Jan-2025,474.75,476.8,496.0,474.75,484.35,483.85,486.77,"95,65,616","4,65,62,23,998.10","1,41,364","32,54,690",34.02
JSWENERGY,EQ,31-Jan-2025,483.85,489.5,509.95,482.2,509.9,508.6,501.01,"33,58,679","1,68,27,37,341.55","64,720","9,17,092",27.31
JSWENERGY,EQ,01-Feb-2025,508.6,509.45,516.55,469.0,471.7,472.0,487.39,"57,69,497","2,81,19,99,279.90","1,04,031","19,95,324",34.58
JSWENERGY,EQ,03-Feb-2025,472.0,474.8,475.9,439.6,446.0,445.65,447.86,"1,27,24,924","5,69,90,36,770.65","1,92,350","70,78,960",55.63
JSWENERGY,EQ,04-Feb-2025,445.65,453.95,473.0,446.0,471.0,469.7,459.93,"72,17,597","3,31,96,17,038.90","89,516","36,50,124",50.57
JSWENERGY,EQ,05-Feb-2025,469.7,474.85,501.5,474.5,495.0,493.8,493.17,"1,44,43,076","7,12,28,40,260.75","2,06,947","71,82,808",49.73
JSWENERGY,EQ,06-Feb-2025,493.8,494.0,500.0,488.05,492.8,494.2,494.17,"35,40,027","1,74,93,87,793.50","1,00,948","14,96,526",42.27
JSWENERGY,EQ,07-Feb-2025,494.2,492.75,494.9,482.35,485.45,484.65,487.33,"24,31,783","1,18,50,71,260.90","48,705","6,58,719",27.09
JSWENERGY,EQ,10-Feb-2025,484.65,483.6,485.0,474.0,474.35,476.9,479.48,"66,58,769","3,19,27,37,510.35","67,852","52,88,976",79.43
JSWENERGY,EQ,11-Feb-2025,476.9,475.1,477.6,461.15,466.8,466.9,467.3,"32,13,487","1,50,16,51,309.90","49,817","17,77,019",55.30
JSWENERGY,EQ,12-Feb-2025,466.9,466.85,471.0,451.75,468.6,467.6,462.1,"27,82,225","1,28,56,67,108.70","50,161","10,85,381",39.01
JSWENERGY,EQ,13-Feb-2025,467.6,468.0,480.05,465.3,467.1,467.65,472.54,"15,60,258","73,72,82,533.95","33,641","6,59,839",42.29
JSWENERGY,EQ,14-Feb-2025,467.65,469.0,470.2,434.3,436.7,437.1,443.73,"38,85,358","1,72,40,46,629.95","77,855","16,63,360",42.81
JSWENERGY,EQ,17-Feb-2025,437.1,436.05,437.1,418.75,431.0,431.5,427.0,"68,97,917","2,94,53,98,430.85","1,93,986","34,04,132",49.35
JSWENERGY,EQ,18-Feb-2025,431.5,430.5,442.75,419.7,438.5,440.4,432.57,"41,54,074","1,79,69,19,408.70","84,584","17,56,577",42.29
JSWENERGY,EQ,19-Feb-2025,440.4,439.0,460.0,431.45,454.7,454.85,453.17,"40,76,153","1,84,71,88,726.95","63,875","16,33,877",40.08
JSWENERGY,EQ,20-Feb-2025,454.85,450.0,477.75,448.8,470.0,468.55,471.61,"77,33,476","3,64,71,70,200.80","1,21,229","21,90,721",28.33
JSWENERGY,EQ,21-Feb-2025,468.55,474.0,506.7,473.1,496.0,496.6,496.04,"2,57,50,317","12,77,30,75,876.65","3,43,486","80,70,453",31.34
JSWENERGY,EQ,24-Feb-2025,496.6,494.0,497.7,478.0,480.05,479.7,487.7,"45,78,924","2,23,31,61,186.55","78,918","9,91,261",21.65
JSWENERGY,EQ,25-Feb-2025,479.7,482.0,482.8,466.2,467.0,467.25,472.53,"33,36,761","1,57,67,18,321.45","62,013","9,45,459",28.33
JSWENERGY,EQ,27-Feb-2025,467.25,474.5,476.25,454.25,458.55,458.8,464.19,"31,35,406","1,45,54,12,106.65","51,352","8,54,189",27.24
JSWENERGY,EQ,28-Feb-2025,458.8,453.05,468.0,442.35,462.7,464.1,455.55,"69,30,904","3,15,73,97,283.45","83,261","30,05,108",43.36
JSWENERGY,EQ,03-Mar-2025,464.1,464.7,477.25,449.25,474.3,473.85,464.36,"55,30,160","2,56,80,08,261.05","85,352","21,57,733",39.02
JSWENERGY,EQ,04-Mar-2025,473.85,471.5,485.35,466.55,481.4,481.25,476.96,"45,01,589","2,14,70,70,494.35","74,512","16,87,927",37.50
JSWENERGY,EQ,05-Mar-2025,481.25,479.25,514.7,479.25,508.95,509.1,501.46,"73,68,531","3,69,50,02,620.10","91,435","27,38,963",37.17
JSWENERGY,EQ,06-Mar-2025,509.1,509.5,517.0,494.6,498.4,499.6,502.29,"48,47,592","2,43,49,04,528.20","80,445","16,95,868",34.98
JSWENERGY,EQ,07-Mar-2025,499.6,498.05,506.35,486.25,491.25,491.7,495.71,"43,29,758","2,14,62,99,872.95","66,495","16,08,283",37.14
JSWENERGY,EQ,10-Mar-2025,491.7,491.0,514.4,490.25,505.3,505.35,507.56,"98,54,493","5,00,17,32,946.85","1,17,087","18,18,717",18.46
JSWENERGY,EQ,11-Mar-2025,505.35,501.0,519.5,498.1,516.25,513.75,512.6,"62,25,817","3,19,13,54,307.90","91,766","15,26,643",24.52
JSWENERGY,EQ,12-Mar-2025,513.75,517.0,523.85,506.3,518.0,515.2,515.17,"49,74,269","2,56,26,10,143.10","67,643","14,25,765",28.66
JSWENERGY,EQ,13-Mar-2025,515.2,519.65,523.65,508.1,513.55,514.1,516.04,"43,03,396","2,22,07,16,225.15","69,870","14,49,382",33.68
JSWENERGY,EQ,17-Mar-2025,514.1,519.0,530.85,516.65,528.25,527.9,526.21,"39,34,834","2,07,05,65,850.70","74,846","12,22,721",31.07
JSWENERGY,EQ,18-Mar-2025,527.9,533.95,552.15,525.15,550.0,548.35,538.23,"59,04,233","3,17,78,56,483.30","63,702","32,47,388",55.00
JSWENERGY,EQ,19-Mar-2025,548.35,551.4,574.25,550.55,567.8,570.75,565.2,"74,93,067","4,23,50,88,992.05","85,853","33,69,629",44.97
JSWENERGY,EQ,20-Mar-2025,570.75,576.0,576.0,552.1,561.0,562.9,560.11,"40,63,831","2,27,62,07,313.60","56,863","13,45,080",33.10
JSWENERGY,EQ,21-Mar-2025,562.9,563.5,564.9,555.05,559.9,559.7,559.9,"31,18,262","1,74,59,27,790.25","50,337","13,18,725",42.29
JSWENERGY,EQ,24-Mar-2025,559.7,562.55,579.0,556.85,576.05,575.25,568.23,"42,40,378","2,40,95,19,286.80","53,373","18,63,898",43.96
JSWENERGY,EQ,25-Mar-2025,575.25,578.0,578.05,552.0,553.0,555.35,561.45,"30,22,903","1,69,72,10,981.65","50,023","11,85,057",39.20
JSWENERGY,EQ,26-Mar-2025,555.35,552.0,562.7,549.0,551.0,553.05,555.76,"24,80,329","1,37,84,62,284.40","55,684","8,49,717",34.26
JSWENERGY,EQ,27-Mar-2025,553.05,551.0,554.7,543.35,545.95,548.35,548.32,"74,24,905","4,07,11,92,756.55","89,740","47,81,631",64.40
JSWENERGY,EQ,28-Mar-2025,548.35,551.9,554.05,534.0,536.85,537.9,544.34,"41,23,070","2,24,43,39,885.60","80,126","22,58,853",54.79
JSWENERGY,EQ,01-Apr-2025,537.9,532.05,540.85,520.85,523.6,522.5,527.86,"33,72,414","1,78,01,54,876.35","61,492","17,39,050",51.57
JSWENERGY,EQ,02-Apr-2025,522.5,528.0,532.65,518.0,526.45,526.25,524.14,"43,70,554","2,29,07,82,898.15","60,614","19,39,029",44.37
JSWENERGY,EQ,03-Apr-2025,526.25,520.15,534.0,518.65,527.0,527.15,528.77,"47,38,116","2,50,53,55,029.10","46,140","30,43,241",64.23
JSWENERGY,EQ,04-Apr-2025,527.15,524.95,527.55,500.6,507.8,506.4,509.06,"43,38,333","2,20,84,78,607.75","66,442","21,77,805",50.20
JSWENERGY,EQ,07-Apr-2025,506.4,460.0,492.85,460.0,491.15,488.4,483.71,"30,38,809","1,46,99,13,409.30","64,781","12,34,519",40.63
JSWENERGY,EQ,08-Apr-2025,488.4,502.05,503.55,486.4,490.9,490.25,493.42,"18,59,126","91,73,32,334.70","41,890","7,20,465",38.75
JSWENERGY,EQ,09-Apr-2025,490.25,490.0,490.2,477.0,482.45,482.3,482.11,"17,65,150","85,09,96,379.75","38,853","7,91,014",44.81
JSWENERGY,EQ,11-Apr-2025,482.3,501.0,501.0,486.0,493.9,493.95,491.6,"32,35,537","1,59,05,88,435.25","43,120","16,33,582",50.49
JSWENERGY,EQ,15-Apr-2025,493.95,499.9,521.5,499.75,514.6,512.6,513.72,"30,65,723","1,57,49,27,663.20","39,001","10,87,256",35.46
JSWENERGY,EQ,16-Apr-2025,512.6,514.0,518.45,501.9,509.6,509.7,510.47,"25,74,424","1,31,41,59,235.55","33,912","8,82,624",34.28
JSWENERGY,EQ,17-Apr-2025,509.7,511.0,516.6,506.65,508.4,507.9,509.94,"22,26,131","1,13,51,91,568.00","40,452","9,83,878",44.20
JSWENERGY,EQ,21-Apr-2025,507.9,510.9,523.25,503.2,522.5,521.35,514.16,"41,28,522","2,12,27,19,787.65","57,204","16,37,151",39.65
JSWENERGY,EQ,22-Apr-2025,521.35,526.0,527.5,507.1,508.95,509.2,515.85,"40,70,438","2,09,97,29,192.80","54,256","19,64,896",48.27
JSWENERGY,EQ,23-Apr-2025,509.2,513.8,515.0,504.6,509.3,508.85,508.49,"53,86,110","2,73,87,59,341.25","65,532","26,76,588",49.69
JSWENERGY,EQ,24-Apr-2025,508.85,508.75,512.6,501.55,503.1,503.8,506.6,"21,20,881","1,07,44,28,853.20","38,822","9,06,678",42.75
JSWENERGY,EQ,25-Apr-2025,503.8,503.0,508.7,478.2,481.45,482.7,488.44,"31,96,366","1,56,12,27,812.35","63,318","10,90,796",34.13
JSWENERGY,EQ,28-Apr-2025,482.7,476.85,489.9,473.3,477.2,476.2,479.57,"65,71,011","3,15,12,34,139.85","58,278","38,90,307",59.20
JSWENERGY,EQ,29-Apr-2025,476.2,479.9,485.8,463.0,465.8,464.6,469.88,"54,29,671","2,55,12,73,157.25","64,557","31,35,239",57.74
JSWENERGY,EQ,30-Apr-2025,464.6,465.8,486.85,463.05,478.2,479.2,478.84,"55,06,434","2,63,66,85,277.75","77,337","13,98,998",25.41
JSWENERGY,EQ,02-May-2025,479.2,483.8,483.8,467.7,468.5,469.6,475.18,"28,17,845","1,33,89,79,803.00","45,376","8,45,726",30.01
JSWENERGY,EQ,05-May-2025,469.6,472.0,483.65,457.05,482.0,481.2,470.07,"46,96,931","2,20,78,93,915.25","64,292","15,63,863",33.30
JSWENERGY,EQ,06-May-2025,481.2,482.9,484.7,464.6,465.75,466.2,472.46,"18,13,659","85,68,77,338.05","28,125","6,13,924",33.85
JSWENERGY,EQ,07-May-2025,466.2,457.6,474.95,457.6,469.6,468.5,468.31,"17,40,467","81,50,82,839.55","30,703","4,42,442",25.42
JSWENERGY,EQ,08-May-2025,468.5,472.7,476.5,459.0,466.0,463.35,469.33,"23,23,658","1,09,05,52,534.90","38,922","9,77,045",42.05
JSWENERGY,EQ,09-May-2025,463.35,441.0,463.35,441.0,460.0,459.85,457.45,"21,56,494","98,64,98,617.30","45,974","7,50,462",34.80
JSWENERGY,EQ,12-May-2025,459.85,475.0,482.0,472.3,481.4,481.1,478.12,"19,59,126","93,67,04,879.50","72,490","9,52,014",48.59
JSWENERGY,EQ,13-May-2025,481.1,482.0,482.05,470.35,474.0,474.25,475.84,"25,97,495","1,23,60,00,270.40","57,480","13,76,536",52.99
JSWENERGY,EQ,14-May-2025,474.25,474.25,477.9,471.05,475.75,474.95,474.86,"37,84,668","1,79,71,84,075.35","42,977","25,49,115",67.35
JSWENERGY,EQ,15-May-2025,474.95,478.0,491.45,477.15,488.0,487.4,484.55,"51,92,791","2,51,61,87,665.10","53,748","17,77,958",34.24
JSWENERGY,EQ,16-May-2025,487.4,490.0,506.65,481.85,503.5,503.85,497.91,"98,82,396","4,92,05,22,288.20","1,21,210","26,93,073",27.25
JSWENERGY,EQ,19-May-2025,503.85,506.0,524.85,505.1,514.55,515.35,518.11,"60,49,881","3,13,44,99,407.60","84,489","21,32,193",35.24
JSWENERGY,EQ,20-May-2025,515.35,517.8,519.0,502.85,504.65,504.7,509.73,"31,70,791","1,61,62,59,221.15","55,269","12,88,941",40.65
JSWENERGY,EQ,21-May-2025,504.7,503.9,513.9,498.1,505.0,504.8,505.84,"25,90,939","1,31,06,11,682.30","35,317","11,23,826",43.38
JSWENERGY,EQ,22-May-2025,504.8,504.3,510.8,492.5,500.0,499.95,499.58,"40,39,008","2,01,78,20,477.80","60,872","18,90,129",46.80
JSWENERGY,EQ,23-May-2025,499.95,500.75,504.05,495.65,496.1,496.6,499.84,"21,22,235","1,06,07,81,462.65","39,607","8,49,833",40.04
JSWENERGY,EQ,26-May-2025,496.6,496.9,507.5,496.5,505.0,504.9,504.6,"19,27,370","97,25,59,810.35","30,006","7,51,561",38.99
JSWENERGY,EQ,27-May-2025,504.9,504.9,505.0,493.65,498.0,497.35,499.11,"25,09,599","1,25,25,60,881.80","36,796","10,38,015",41.36
JSWENERGY,EQ,28-May-2025,497.35,498.5,503.8,493.9,495.0,496.3,498.04,"17,94,123","89,35,43,261.60","23,518","8,08,991",45.09
JSWENERGY,EQ,29-May-2025,496.3,497.95,503.0,492.1,501.5,500.9,498.91,"30,46,559","1,51,99,66,109.70","47,652","15,19,858",49.89
JSWENERGY,EQ,30-May-2025,500.9,500.5,502.35,486.85,488.45,487.95,491.07,"37,32,715","1,83,30,09,526.65","54,583","23,09,054",61.86
JSWENERGY,EQ,02-Jun-2025,487.95,487.95,501.4,484.1,498.0,497.55,494.81,"18,79,134","92,98,07,133.40","31,732","6,51,707",34.68
JSWENERGY,EQ,03-Jun-2025,497.55,498.1,508.35,496.2,499.5,499.05,503.24,"23,78,912","1,19,71,59,864.90","32,912","8,47,954",35.64
JSWENERGY,EQ,04-Jun-2025,499.05,500.9,510.75,495.4,509.3,509.05,506.64,"29,82,748","1,51,11,68,370.45","39,646","14,90,761",49.98
JSWENERGY,EQ,05-Jun-2025,509.05,512.0,515.3,505.4,508.9,508.1,510.92,"16,31,097","83,33,67,072.15","29,018","6,12,062",37.52
JSWENERGY,EQ,06-Jun-2025,508.1,514.0,523.95,508.0,523.5,522.85,517.08,"55,65,991","2,87,80,62,235.70","75,282","21,30,132",38.27
JSWENERGY,EQ,09-Jun-2025,522.85,526.8,541.85,525.0,534.25,534.9,534.77,"62,78,958","3,35,78,15,010.70","81,981","25,90,515",41.26
JSWENERGY,EQ,10-Jun-2025,534.9,537.0,538.8,529.0,533.9,533.2,533.9,"29,09,626","1,55,34,46,025.55","44,305","11,60,619",39.89
JSWENERGY,EQ,11-Jun-2025,533.2,537.85,543.1,532.3,536.5,535.5,538.16,"44,58,603","2,39,94,60,127.70","80,896","16,61,656",37.27
JSWENERGY,EQ,12-Jun-2025,535.5,535.0,537.95,514.25,517.8,516.8,525.05,"21,93,633","1,15,17,75,774.20","46,101","8,67,779",39.56
JSWENERGY,EQ,13-Jun-2025,516.8,502.3,515.85,502.3,508.75,506.85,509.01,"22,26,519","1,13,33,23,614.60","47,754","9,38,801",42.16
JSWENERGY,EQ,16-Jun-2025,506.85,507.8,514.3,503.05,513.7,512.85,510.16,"17,13,177","87,39,93,244.75","33,906","7,86,561",45.91
JSWENERGY,EQ,17-Jun-2025,512.85,515.0,515.9,500.5,502.3,503.35,504.83,"23,24,881","1,17,36,62,706.15","46,487","10,85,787",46.70
JSWENERGY,EQ,18-Jun-2025,503.35,503.3,512.5,500.7,503.6,504.05,505.86,"22,55,318","1,14,08,73,493.40","52,452","9,41,539",41.75
JSWENERGY,EQ,19-Jun-2025,504.05,504.1,507.0,479.0,479.5,480.55,488.8,"54,84,701","2,68,09,46,963.60","82,589","29,46,648",53.72
JSWENERGY,EQ,20-Jun-2025,480.55,481.0,502.2,480.05,496.75,499.3,493.96,"57,85,366","2,85,77,27,641.60","63,491","26,67,010",46.10
JSWENERGY,EQ,23-Jun-2025,499.3,495.0,503.0,489.5,499.3,500.55,496.53,"32,85,462","1,63,13,23,439.15","41,802","14,38,510",43.78
JSWENERGY,EQ,24-Jun-2025,500.55,506.0,510.8,502.0,502.65,504.9,506.38,"35,94,212","1,82,00,41,823.65","44,931","15,01,636",41.78
JSWENERGY,EQ,25-Jun-2025,504.9,510.9,513.05,506.7,507.05,507.7,509.11,"43,75,094","2,22,73,89,483.05","67,960","14,80,426",33.84
JSWENERGY,EQ,26-Jun-2025,507.7,512.9,520.45,505.5,517.35,516.95,511.31,"77,09,890","3,94,21,17,193.55","77,866","32,24,505",41.82
JSWENERGY,EQ,27-Jun-2025,516.95,519.0,528.5,516.0,522.0,522.5,522.57,"38,49,783","2,01,17,84,532.90","49,860","15,36,073",39.90
JSWENERGY,EQ,30-Jun-2025,522.5,523.3,526.1,517.1,522.5,522.1,521.83,"21,72,588","1,13,37,13,824.00","40,422","8,58,734",39.53
JSWENERGY,EQ,01-Jul-2025,522.1,522.3,528.45,518.8,527.0,527.15,524.16,"26,04,174","1,36,50,03,055.80","39,402","11,87,466",45.60
JSWENERGY,EQ,02-Jul-2025,527.15,531.9,532.65,513.2,518.0,518.05,521.21,"35,40,272","1,84,52,36,888.90","45,185","14,54,791",41.09
JSWENERGY,EQ,03-Jul-2025,518.05,519.8,520.3,507.95,510.2,510.35,511.58,"32,73,830","1,67,48,15,421.75","43,711","16,77,046",51.23
JSWENERGY,EQ,04-Jul-2025,510.35,510.4,513.4,502.1,512.4,512.0,507.96,"35,19,624","1,78,78,19,437.45","44,813","18,64,012",52.96
JSWENERGY,EQ,07-Jul-2025,512.0,513.65,524.2,508.0,509.35,509.65,515.47,"34,11,737","1,75,86,63,188.35","48,399","11,01,174",32.28
JSWENERGY,EQ,08-Jul-2025,509.65,510.0,516.85,504.35,514.2,513.55,509.4,"39,34,146","2,00,40,55,096.25","54,915","17,69,813",44.99
JSWENERGY,EQ,09-Jul-2025,513.55,515.05,525.5,513.9,515.0,514.9,518.93,"35,16,374","1,82,47,55,388.45","43,290","15,29,063",43.48
JSWENERGY,EQ,10-Jul-2025,514.9,516.5,536.6,515.45,530.2,530.55,526.36,"69,41,032","3,65,35,05,840.60","68,339","25,38,654",36.57
JSWENERGY,EQ,11-Jul-2025,530.55,531.0,535.5,522.2,523.1,523.7,527.83,"40,54,505","2,14,00,80,371.25","56,596","14,96,435",36.91
JSWENERGY,EQ,14-Jul-2025,523.7,525.0,534.35,522.25,530.55,530.5,529.23,"33,46,236","1,77,09,19,524.35","42,728","12,96,070",38.73
JSWENERGY,EQ,15-Jul-2025,530.5,532.0,533.5,526.4,528.8,528.95,529.26,"24,22,923","1,28,23,54,924.20","30,307","10,61,786",43.82
JSWENERGY,EQ,16-Jul-2025,528.95,528.75,533.5,526.2,533.0,531.75,529.53,"24,60,503","1,30,29,20,604.35","29,167","12,29,724",49.98
JSWENERGY,EQ,17-Jul-2025,531.75,528.0,534.3,521.55,532.5,531.6,528.3,"41,75,593","2,20,59,51,559.20","42,493","16,92,501",40.53
JSWENERGY,EQ,18-Jul-2025,531.6,532.5,538.75,522.0,530.7,530.4,530.83,"58,71,617","3,11,68,08,809.55","58,505","21,13,195",35.99
JSWENERGY,EQ,21-Jul-2025,530.4,530.4,535.5,526.05,532.3,531.7,531.71,"25,45,659","1,35,35,46,948.25","35,322","10,98,754",43.16
JSWENERGY,EQ,22-Jul-2025,531.7,533.0,536.1,529.55,531.9,531.55,532.17,"27,85,824","1,48,25,27,244.00","32,058","15,31,093",54.96
JSWENERGY,EQ,23-Jul-2025,531.55,532.95,535.8,531.0,534.75,533.85,533.19,"14,29,888","76,24,08,086.95","22,594","7,11,807",49.78
JSWENERGY,EQ,24-Jul-2025,533.85,535.0,537.0,526.5,532.0,532.55,531.37,"37,50,877","1,99,30,97,586.70","32,658","21,85,866",58.28
JSWENERGY,EQ,25-Jul-2025,532.55,531.45,532.85,512.0,513.0,518.1,522.2,"37,15,596","1,94,02,80,565.20","45,969","19,77,356",53.22
JSWENERGY,EQ,28-Jul-2025,518.1,515.0,527.75,511.6,519.0,520.1,522.18,"22,32,420","1,16,57,14,810.40","31,544","10,17,053",45.56
JSWENERGY,EQ,29-Jul-2025,520.1,515.2,526.35,515.2,525.35,524.8,522.56,"15,32,398","80,07,64,645.40","24,092","6,12,975",40.00
JSWENERGY,EQ,30-Jul-2025,524.8,524.8,529.75,521.05,526.05,526.5,526.04,"16,16,906","85,05,60,879.70","29,355","6,55,251",40.52
JSWENERGY,EQ,31-Jul-2025,526.5,520.05,523.8,512.1,517.75,515.05,519.06,"19,46,308","1,01,02,53,955.30","36,063","7,49,817",38.53
JSWENERGY,EQ,01-Aug-2025,515.05,530.0,533.9,509.4,515.0,511.65,519.68,"1,23,69,442","6,42,81,66,895.45","1,26,859","34,87,618",28.20
JSWENERGY,EQ,04-Aug-2025,511.65,515.0,539.9,512.3,538.8,537.8,532.65,"90,51,726","4,82,14,05,268.55","1,06,866","27,55,807",30.45
JSWENERGY,EQ,05-Aug-2025,537.8,539.0,548.4,535.2,537.5,537.7,541.96,"85,57,539","4,63,78,02,187.65","1,25,945","30,17,700",35.26
JSWENERGY,EQ,06-Aug-2025,537.7,538.5,541.4,521.7,532.8,534.05,531.06,"45,21,179","2,40,10,10,264.15","52,179","17,16,708",37.97
JSWENERGY,EQ,07-Aug-2025,534.05,530.0,537.0,514.6,535.2,532.9,526.88,"30,13,051","1,58,75,03,148.70","42,547","9,65,854",32.06
JSWENERGY,EQ,08-Aug-2025,532.9,533.2,535.05,516.5,518.45,518.3,525.53,"16,88,157","88,71,75,598.15","26,910","6,58,647",39.02
JSWENERGY,EQ,11-Aug-2025,518.3,521.5,537.0,518.3,534.65,535.1,530.76,"25,11,889","1,33,32,13,084.70","42,227","7,55,790",30.09
JSWENERGY,EQ,12-Aug-2025,535.1,534.6,539.4,531.1,533.0,533.15,534.98,"15,82,468","84,65,88,058.60","27,900","5,50,420",34.78
JSWENERGY,EQ,13-Aug-2025,533.15,534.1,538.95,533.85,534.85,535.0,535.95,"12,05,129","64,58,89,437.75","19,912","5,02,351",41.68
JSWENERGY,EQ,14-Aug-2025,535.0,535.0,535.75,525.85,529.1,529.15,529.73,"10,62,841","56,30,20,459.60","24,566","4,41,272",41.52
JSWENERGY,EQ,18-Aug-2025,529.15,534.5,540.65,531.15,534.1,533.6,536.47,"24,26,463","1,30,17,29,495.90","37,947","12,61,394",51.98
JSWENERGY,EQ,19-Aug-2025,533.6,533.6,535.0,530.4,533.55,533.3,533.11,"13,31,520","70,98,49,348.05","20,365","7,34,321",55.15
JSWENERGY,EQ,20-Aug-2025,533.3,532.2,539.15,531.0,532.0,531.75,533.78,"25,52,499","1,36,24,63,464.75","27,386","14,38,039",56.34
JSWENERGY,EQ,21-Aug-2025,531.75,532.0,532.3,519.2,520.5,521.3,524.37,"25,95,769","1,36,11,52,422.45","50,134","12,53,063",48.27
JSWENERGY,EQ,22-Aug-2025,521.3,520.7,522.6,513.3,517.5,517.9,517.74,"20,99,250","1,08,68,65,182.60","38,619","9,73,729",46.38
JSWENERGY,EQ,25-Aug-2025,517.9,518.9,525.8,515.8,521.0,521.45,521.13,"32,46,470","1,69,18,30,015.70","40,986","17,90,795",55.16
JSWENERGY,EQ,26-Aug-2025,521.45,520.0,521.6,511.45,513.05,513.1,514.56,"19,85,173","1,02,14,88,354.45","25,439","10,42,890",52.53
JSWENERGY,EQ,28-Aug-2025,513.1,513.0,513.0,496.2,497.6,497.65,502.98,"21,17,153","1,06,48,86,128.45","39,877","9,00,724",42.54
JSWENERGY,EQ,29-Aug-2025,497.65,498.05,498.85,485.5,487.95,488.45,491.66,"20,20,026","99,31,63,257.85","35,006","8,94,420",44.28
JSWENERGY,EQ,01-Sep-2025,488.45,490.0,501.9,488.0,501.6,501.1,496.3,"12,87,794","63,91,33,017.40","24,645","5,14,947",39.99
JSWENERGY,EQ,02-Sep-2025,501.1,504.0,513.1,499.55,510.8,511.3,508.09,"20,96,621","1,06,52,74,797.45","33,742","7,57,865",36.15
JSWENERGY,EQ,03-Sep-2025,511.3,511.3,515.5,508.35,509.25,509.05,510.95,"15,79,405","80,70,01,939.10","22,287","9,08,692",57.53
JSWENERGY,EQ,04-Sep-2025,509.05,509.9,513.75,501.5,502.3,502.5,505.7,"16,91,028","85,51,45,683.15","29,782","9,19,081",54.35
JSWENERGY,EQ,05-Sep-2025,502.5,502.1,507.15,499.55,504.2,504.1,503.79,"10,75,403","54,17,79,293.35","21,553","4,50,252",41.87
JSWENERGY,EQ,08-Sep-2025,504.1,505.2,520.0,505.2,510.2,510.2,513.65,"16,49,154","84,70,89,978.40","29,592","4,68,105",28.38
JSWENERGY,EQ,09-Sep-2025,510.2,511.95,512.35,505.0,507.0,506.1,508.18,"11,97,551","60,85,65,867.90","20,846","6,17,935",51.60
JSWENERGY,EQ,10-Sep-2025,506.1,508.9,523.0,508.2,518.0,519.0,518.64,"24,28,381","1,25,94,46,014.20","39,424","9,62,634",39.64
JSWENERGY,EQ,11-Sep-2025,519.0,518.65,529.5,516.45,522.8,521.55,524.65,"20,31,990","1,06,60,83,615.70","30,275","7,15,485",35.21
JSWENERGY,EQ,12-Sep-2025,521.55,525.0,529.6,523.1,525.75,525.75,526.21,"18,23,634","95,96,19,293.20","25,599","7,31,122",40.09
JSWENERGY,EQ,15-Sep-2025,525.75,523.95,535.0,523.15,532.4,532.0,531.67,"18,75,958","99,73,97,738.15","27,123","8,00,535",42.67
JSWENERGY,EQ,16-Sep-2025,532.0,532.45,551.25,532.0,540.4,540.05,543.22,"57,56,908","3,12,72,41,766.40","79,851","20,65,292",35.88
JSWENERGY,EQ,17-Sep-2025,540.05,541.9,545.3,534.0,535.4,535.0,538.49,"13,70,817","73,81,75,705.50","30,030","5,38,137",39.26
JSWENERGY,EQ,18-Sep-2025,535.0,535.4,542.5,533.8,538.0,537.8,537.73,"11,35,518","61,06,05,499.95","30,467","4,69,920",41.38
JSWENERGY,EQ,19-Sep-2025,537.8,551.0,552.0,542.65,546.0,545.5,546.5,"43,96,075","2,40,24,39,181.50","53,790","15,11,679",34.39
JSWENERGY,EQ,22-Sep-2025,545.5,547.0,549.45,539.35,544.0,542.95,544.73,"18,83,318","1,02,59,02,481.00","35,737","7,07,087",37.54
JSWENERGY,EQ,23-Sep-2025,542.95,542.5,555.5,541.1,544.95,543.85,548.15,"33,98,352","1,86,28,01,838.00","54,371","14,90,158",43.85
JSWENERGY,EQ,24-Sep-2025,543.85,546.05,551.0,533.25,535.65,535.15,544.69,"24,27,695","1,32,23,41,907.10","38,793","9,69,927",39.95
JSWENERGY,EQ,25-Sep-2025,535.15,536.0,539.85,527.15,528.8,528.6,535.09,"20,98,712","1,12,30,02,977.80","29,603","10,18,099",48.51
JSWENERGY,EQ,26-Sep-2025,528.6,526.15,528.4,518.3,521.0,520.1,522.22,"14,51,737","75,81,22,125.75","31,337","5,92,312",40.80
JSWENERGY,EQ,29-Sep-2025,520.1,521.0,531.85,520.2,528.8,528.55,527.76,"14,76,731","77,93,62,005.65","31,556","6,09,097",41.25
JSWENERGY,EQ,30-Sep-2025,528.55,526.5,534.35,525.0,532.9,530.85,530.18,"15,05,150","79,79,99,423.80","26,682","7,02,503",46.67
JSWENERGY,EQ,01-Oct-2025,530.85,532.9,538.0,528.2,537.0,536.45,533.47,"8,40,361","44,83,05,902.15","17,139","3,49,746",41.62
JSWENERGY,EQ,03-Oct-2025,536.45,537.0,542.35,532.05,540.9,539.9,536.47,"18,51,581","99,33,20,127.45","30,359","11,80,249",63.74
JSWENERGY,EQ,06-Oct-2025,539.9,539.9,542.8,536.1,541.4,541.0,539.72,"19,40,149","1,04,71,37,181.40","30,003","11,36,617",58.58
JSWENERGY,EQ,07-Oct-2025,541.0,541.0,557.4,538.55,547.0,548.05,548.33,"42,33,559","2,32,13,92,381.90","57,664","18,83,864",44.50
JSWENERGY,EQ,08-Oct-2025,548.05,547.05,547.95,530.1,535.1,534.45,536.78,"32,56,894","1,74,82,49,781.25","36,724","9,45,410",29.03
JSWENERGY,EQ,09-Oct-2025,534.45,534.0,544.0,532.55,541.7,542.8,540.61,"14,25,566","77,06,79,995.50","22,765","6,62,485",46.47
JSWENERGY,EQ,10-Oct-2025,542.8,542.8,547.5,541.5,546.0,546.0,544.86,"16,05,532","87,47,96,726.95","32,655","9,22,135",57.43
JSWENERGY,EQ,13-Oct-2025,546.0,543.0,546.5,538.65,545.3,544.45,543.7,"13,73,686","74,68,66,938.05","21,556","7,64,993",55.69
JSWENERGY,EQ,14-Oct-2025,544.45,546.0,549.5,534.9,538.95,541.05,540.65,"25,38,458","1,37,24,04,723.80","36,191","13,63,828",53.73
JSWENERGY,EQ,15-Oct-2025,541.05,541.25,547.1,537.6,547.0,545.75,544.37,"17,30,184","94,18,57,165.05","30,882","10,70,738",61.89
JSWENERGY,EQ,16-Oct-2025,545.75,545.75,551.5,545.0,548.2,548.6,548.86,"24,81,559","1,36,20,34,652.95","30,689","14,28,826",57.58
JSWENERGY,EQ,17-Oct-2025,548.6,550.0,552.7,536.75,540.9,540.8,543.36,"33,99,859","1,84,73,43,062.90","38,233","16,14,362",47.48
JSWENERGY,EQ,20-Oct-2025,540.8,539.6,539.6,514.0,525.0,525.2,524.7,"51,06,756","2,67,95,18,653.85","69,135","16,26,259",31.85
JSWENERGY,EQ,21-Oct-2025,525.2,531.5,531.5,525.3,527.45,528.1,528.67,"4,89,245","25,86,47,201.10","12,746","2,78,114",56.85
JSWENERGY,EQ,23-Oct-2025,528.1,528.25,535.0,522.85,534.5,533.3,530.12,"26,56,263","1,40,81,40,475.65","28,228","14,27,124",53.73
JSWENERGY,EQ,24-Oct-2025,533.3,533.0,538.05,528.25,531.95,531.15,531.82,"23,23,758","1,23,58,30,312.40","27,932","10,62,911",45.74
JSWENERGY,EQ,27-Oct-2025,531.15,531.0,535.85,527.8,529.0,529.35,531.17,"21,54,794","1,14,45,58,185.80","22,713","10,57,507",49.08
JSWENERGY,EQ,28-Oct-2025,529.35,527.0,539.9,525.1,537.55,536.35,532.65,"27,38,818","1,45,88,32,626.20","35,211","12,83,318",46.86
JSWENERGY,EQ,29-Oct-2025,536.35,536.5,546.35,531.85,536.9,534.45,540.46,"26,91,960","1,45,48,88,958.30","36,240","10,56,908",39.26
JSWENERGY,EQ,30-Oct-2025,534.45,535.0,541.3,529.0,539.0,538.15,535.24,"17,26,926","92,43,12,244.80","25,053","5,39,637",31.25
JSWENERGY,EQ,31-Oct-2025,538.15,538.0,540.0,525.5,527.95,527.45,531.93,"28,20,568","1,50,03,57,633.95","45,660","17,33,614",61.46
JSWENERGY,EQ,03-Nov-2025,527.45,528.0,536.25,524.8,535.0,532.9,532.62,"17,81,082","94,86,31,622.85","25,978","7,61,977",42.78
JSWENERGY,EQ,04-Nov-2025,532.9,534.0,535.45,525.9,528.0,528.1,529.58,"15,25,398","80,78,26,207.70","20,155","9,44,049",61.89
JSWENERGY,EQ,06-Nov-2025,528.1,526.15,531.95,515.6,517.3,517.35,521.89,"20,26,463","1,05,75,96,626.30","39,753","10,70,580",52.83
JSWENERGY,EQ,07-Nov-2025,517.35,522.0,523.9,511.2,518.5,519.15,518.3,"15,62,135","80,96,49,803.65","24,237","6,79,283",43.48
JSWENERGY,EQ,10-Nov-2025,519.15,521.0,527.0,519.55,522.65,522.5,524.64,"8,78,117","46,06,95,718.60","20,831","3,74,767",42.68
JSWENERGY,EQ,11-Nov-2025,522.5,523.0,529.45,518.25,527.85,526.85,525.09,"14,34,139","75,30,52,438.20","22,838","6,04,390",42.14
JSWENERGY,EQ,12-Nov-2025,526.85,527.9,532.35,523.05,528.1,528.05,526.78,"17,47,648","92,06,33,672.65","24,412","7,72,547",44.20
JSWENERGY,EQ,13-Nov-2025,528.05,527.5,532.9,525.4,528.05,528.3,529.1,"16,77,794","88,77,20,660.65","21,206","9,64,273",57.47
JSWENERGY,EQ,14-Nov-2025,528.3,525.05,531.75,522.55,528.5,528.8,527.95,"17,55,919","92,70,33,148.30","25,851","8,49,994",48.41
JSWENERGY,EQ,17-Nov-2025,528.8,528.0,535.5,526.85,528.5,527.65,530.04,"12,30,818","65,23,88,181.70","23,090","6,04,363",49.10
JSWENERGY,BL,18-Nov-2025,82.25,527.65,527.65,527.65,527.65,527.65,527.65,"24,12,400","1,27,29,02,860.00",1,-,-
JSWENERGY,EQ,18-Nov-2025,527.65,526.8,528.5,520.95,527.5,526.95,524.68,"20,11,169","1,05,52,24,005.85","26,587","9,32,545",46.37
JSWENERGY,EQ,19-Nov-2025,526.95,526.05,528.7,512.35,513.0,513.65,517.96,"29,13,764","1,50,92,25,113.85","46,005","16,71,454",57.36
JSWENERGY,EQ,20-Nov-2025,513.65,516.0,517.3,503.5,504.0,504.85,511.42,"35,32,744","1,80,66,99,755.25","55,045","19,40,111",54.92
JSWENERGY,EQ,21-Nov-2025,504.85,506.0,507.65,483.0,485.3,484.55,490.73,"62,44,965","3,06,46,12,663.35","93,450","28,81,873",46.15
JSWENERGY,EQ,24-Nov-2025,484.55,487.9,487.9,479.5,480.0,481.0,482.55,"35,61,430","1,71,85,51,921.50","58,877","17,69,599",49.69
JSWENERGY,EQ,25-Nov-2025,481.0,481.4,482.4,475.0,476.6,476.6,478.62,"29,50,968","1,41,23,91,665.75","33,600","17,82,793",60.41
JSWENERGY,EQ,26-Nov-2025,476.6,476.6,489.6,473.8,487.2,487.25,483.38,"14,86,994","71,87,84,293.95","30,792","5,36,198",36.06
JSWENERGY,EQ,27-Nov-2025,487.25,489.0,490.2,480.65,487.6,488.0,485.65,"22,66,552","1,10,07,46,926.65","23,814","12,11,119",53.43
JSWENERGY,EQ,28-Nov-2025,488.0,489.5,489.5,483.45,488.75,488.65,487.26,"12,56,225","61,21,01,949.20","19,404","6,67,162",53.11
JSWENERGY,EQ,01-Dec-2025,488.65,488.7,493.4,484.1,491.45,491.8,489.88,"19,33,563","94,72,19,056.45","32,119","9,11,888",47.16
JSWENERGY,EQ,02-Dec-2025,491.8,488.05,490.55,480.0,483.85,484.15,484.37,"21,09,674","1,02,18,55,178.95","36,716","10,42,804",49.43
JSWENERGY,EQ,03-Dec-2025,484.15,482.2,484.85,468.1,471.0,470.2,473.31,"29,84,285","1,41,25,01,652.10","38,337","14,99,401",50.24
JSWENERGY,EQ,04-Dec-2025,470.2,470.2,473.3,457.9,459.4,459.85,464.14,"60,57,866","2,81,17,08,345.85","53,235","38,99,627",64.37
JSWENERGY,EQ,05-Dec-2025,459.85,459.85,465.0,448.65,463.0,461.95,454.85,"48,93,964","2,22,60,30,697.30","58,475","21,67,599",44.29
JSWENERGY,EQ,08-Dec-2025,461.95,461.9,470.9,449.55,452.35,453.85,459.52,"30,62,061","1,40,70,74,169.15","51,177","12,71,735",41.53
JSWENERGY,EQ,09-Dec-2025,453.85,453.5,456.9,442.7,452.25,451.2,446.03,"2,17,83,593","9,71,61,84,187.05","51,988","1,77,03,640",81.27
JSWENERGY,EQ,10-Dec-2025,451.2,452.0,470.8,448.9,450.2,451.15,458.8,"53,90,865","2,47,33,15,979.85","57,320","14,89,755",27.63
JSWENERGY,EQ,11-Dec-2025,451.15,452.15,460.0,448.15,457.45,457.8,456.47,"20,98,580","95,79,37,413.95","27,256","8,53,400",40.67
JSWENERGY,EQ,12-Dec-2025,457.8,457.8,485.1,457.8,483.0,482.2,475.32,"57,49,586","2,73,28,72,262.05","58,664","11,48,205",19.97
JSWENERGY,EQ,15-Dec-2025,482.2,484.1,487.8,478.9,485.9,486.45,484.74,"37,60,447","1,82,28,56,719.70","40,919","15,88,722",42.25
JSWENERGY,EQ,16-Dec-2025,486.45,484.0,484.95,472.15,477.8,478.5,477.94,"18,61,838","88,98,55,871.90","24,960","8,69,015",46.68
JSWENERGY,EQ,17-Dec-2025,478.5,477.8,482.55,473.0,473.0,475.25,478.49,"18,37,506","87,92,35,771.80","22,883","8,29,016",45.12
JSWENERGY,EQ,18-Dec-2025,475.25,475.25,475.25,467.65,470.15,472.0,471.2,"17,92,598","84,46,67,555.75","23,953","9,15,728",51.08
JSWENERGY,EQ,19-Dec-2025,472.0,475.0,479.9,468.3,477.0,478.25,474.97,"15,33,200","72,82,21,951.45","19,412","7,25,447",47.32
JSWENERGY,EQ,22-Dec-2025,478.25,479.0,482.1,476.1,478.55,478.95,479.5,"8,47,804","40,65,21,625.50","20,689","3,44,949",40.69
JSWENERGY,EQ,23-Dec-2025,478.95,480.0,486.75,477.2,484.5,485.65,483.2,"11,58,705","55,98,85,436.45","18,262","4,73,728",40.88
JSWENERGY,EQ,24-Dec-2025,485.65,486.9,488.1,481.55,483.55,484.35,484.79,"18,22,866","88,37,06,034.65","23,704","9,34,004",51.24
JSWENERGY,EQ,26-Dec-2025,484.35,481.9,486.95,477.3,478.35,479.4,481.99,"7,12,818","34,35,73,166.05","16,362","2,34,006",32.83
JSWENERGY,EQ,29-Dec-2025,479.4,479.0,479.35,470.0,470.4,471.15,473.54,"7,96,387","37,71,24,500.30","16,570","3,36,176",42.21
JSWENERGY,EQ,30-Dec-2025,471.15,469.3,474.65,468.0,469.1,469.75,470.69,"6,38,823","30,06,87,835.00","17,587","2,34,686",36.74
JSWENERGY,EQ,31-Dec-2025,469.75,470.05,484.15,469.95,482.8,482.45,480.92,"23,08,011","1,10,99,60,455.05","32,574","11,88,003",51.47
JSWENERGY,EQ,01-Jan-2026,482.45,484.0,503.05,483.0,501.7,502.0,497.32,"60,27,942","2,99,78,38,559.70","66,725","14,54,869",24.14
JSWENERGY,EQ,02-Jan-2026,502.0,505.0,514.55,502.2,510.05,510.65,509.89,"55,05,156","2,80,70,41,093.05","81,611","23,17,009",42.09
JSWENERGY,EQ,05-Jan-2026,510.65,510.05,524.1,509.85,515.75,516.9,518.14,"39,82,373","2,06,34,45,907.30","75,031","20,43,685",51.32
JSWENERGY,EQ,06-Jan-2026,516.9,517.25,521.6,511.5,513.75,514.85,516.45,"15,79,518","81,57,48,223.90","40,284","6,51,231",41.23
JSWENERGY,EQ,07-Jan-2026,514.85,515.0,518.0,507.2,511.85,512.6,512.36,"12,68,975","65,01,73,698.10","25,577","5,26,831",41.52
JSWENERGY,EQ,08-Jan-2026,512.6,512.0,512.9,497.0,497.0,499.7,504.56,"12,33,169","62,22,11,309.90","34,184","5,01,446",40.66
JSWENERGY,EQ,09-Jan-2026,499.7,499.8,502.3,487.4,490.0,490.25,492.69,"12,27,007","60,45,32,878.75","35,567","4,51,282",36.78
JSWENERGY,EQ,12-Jan-2026,490.25,490.0,499.9,479.35,496.0,498.8,491.35,"23,00,943","1,13,05,69,651.10","43,870","9,29,876",40.41
JSWENERGY,EQ,13-Jan-2026,498.8,500.0,502.05,488.0,493.1,494.15,492.39,"14,91,221","73,42,68,034.80","24,173","4,48,491",30.08
JSWENERGY,EQ,14-Jan-2026,494.15,493.0,501.0,491.5,495.8,494.65,496.02,"9,50,741","47,15,82,812.10","21,732","3,78,541",39.82
JSWENERGY,EQ,16-Jan-2026,494.65,496.5,503.65,490.6,493.8,492.8,495.43,"25,48,099","1,26,24,00,479.45","35,162","14,68,890",57.65
JSWENERGY,EQ,19-Jan-2026,492.8,492.9,500.35,484.2,486.35,486.35,490.97,"9,54,571","46,86,67,923.60","20,236","3,19,717",33.49
JSWENERGY,EQ,20-Jan-2026,486.35,486.35,487.75,476.05,480.0,479.1,482.81,"13,92,651","67,23,86,164.75","27,061","5,10,814",36.68
