symbol,series,date,Prev Close,open,high,low,Last Price,close,Average Price,volume,Turnover ₹,No. of Trades,Deliverable Qty,% Dly Qt to Traded Qty
SUPREMEIND,EQ,25-Mar-2026,"3,754.40","3,799.40","3,919.60","3,773.20","3,834.20","3,832.00","3,880.87","3,93,484","1,52,70,61,947.70","28,586","2,17,458",55.26
SUPREMEIND,EQ,24-Mar-2026,"3,704.50","3,750.00","3,782.10","3,683.00","3,768.50","3,754.40","3,737.77","2,12,380","79,38,28,119.20","19,388","1,23,856",58.32
SUPREMEIND,EQ,23-Mar-2026,"3,834.40","3,804.80","3,804.80","3,672.50","3,688.00","3,704.50","3,712.32","2,10,951","78,31,16,768.80","21,337","95,614",45.33
SUPREMEIND,EQ,20-Mar-2026,"3,843.40","3,850.00","3,896.90","3,820.30","3,824.00","3,834.40","3,848.01","1,90,267","73,21,49,454.70","17,689","86,397",45.41
SUPREMEIND,EQ,19-Mar-2026,"4,010.80","3,935.00","3,960.10","3,832.10","3,835.80","3,843.40","3,882.00","1,08,587","42,15,34,845.40","14,483","39,381",36.27
SUPREMEIND,EQ,18-Mar-2026,"3,923.90","3,900.00","4,029.00","3,900.00","3,986.00","4,010.80","3,996.73","2,82,357","1,12,85,03,953.80","22,136","85,989",30.45
SUPREMEIND,EQ,17-Mar-2026,"3,927.60","3,927.60","3,970.00","3,865.00","3,960.10","3,923.90","3,908.45","1,82,453","71,31,08,127.50","21,043","1,08,209",59.31
SUPREMEIND,EQ,16-Mar-2026,"3,886.50","3,865.30","3,960.00","3,854.90","3,890.20","3,927.60","3,911.00","1,54,649","60,48,31,854.20","18,350","50,409",32.6
SUPREMEIND,EQ,13-Mar-2026,"4,043.70","4,005.60","4,015.90","3,875.50","3,877.30","3,886.50","3,916.76","2,47,814","97,06,27,388.90","31,010","1,15,688",46.68
SUPREMEIND,EQ,12-Mar-2026,"4,038.00","4,015.00","4,060.00","3,925.10","4,035.00","4,043.70","4,020.68","3,98,294","1,60,14,12,246.60","30,939","2,26,943",56.98
SUPREMEIND,EQ,11-Mar-2026,"3,934.20","3,963.60","4,059.90","3,938.00","4,032.50","4,038.00","4,011.30","8,33,617","3,34,38,89,537.70","48,556","4,81,457",57.76
SUPREMEIND,EQ,10-Mar-2026,"3,815.60","3,861.00","3,956.00","3,861.00","3,947.90","3,934.20","3,920.41","3,29,143","1,29,03,76,296.00","35,609","1,79,987",54.68
SUPREMEIND,EQ,09-Mar-2026,"3,947.70","3,902.60","3,987.90","3,780.20","3,825.90","3,815.60","3,827.08","2,24,138","85,77,93,029.90","20,419","1,08,475",48.4
SUPREMEIND,EQ,06-Mar-2026,"3,950.20","3,950.00","4,067.70","3,935.60","3,952.00","3,947.70","4,007.15","1,81,964","72,91,57,935.30","14,147","79,285",43.57
SUPREMEIND,EQ,05-Mar-2026,"3,898.20","3,910.00","3,964.40","3,825.00","3,940.00","3,950.20","3,897.86","1,95,617","76,24,88,448.60","23,018","94,180",48.15
SUPREMEIND,EQ,04-Mar-2026,"3,954.20","3,912.60","3,932.70","3,847.70","3,910.00","3,898.20","3,902.02","3,68,073","1,43,62,28,210.30","31,598","2,11,939",57.58
SUPREMEIND,EQ,02-Mar-2026,"3,975.20","3,880.00","4,048.00","3,850.10","3,962.00","3,954.20","3,978.38","5,13,269","2,04,19,80,130.00","31,873","99,994",19.48
SUPREMEIND,EQ,27-Feb-2026,"4,007.40","3,996.00","4,023.60","3,961.80","3,980.50","3,975.20","3,985.03","4,04,124","1,61,04,46,336.20","30,461","2,89,996",71.76
SUPREMEIND,EQ,26-Feb-2026,"4,052.60","4,052.60","4,074.80","3,988.50","4,006.10","4,007.40","4,035.01","1,97,079","79,52,14,790.70","19,364","1,18,987",60.38
SUPREMEIND,EQ,25-Feb-2026,"3,961.40","3,995.10","4,064.00","3,978.20","4,054.00","4,052.60","4,021.29","3,61,416","1,45,33,58,084.00","29,416","2,21,497",61.29
SUPREMEIND,EQ,24-Feb-2026,"3,940.60","3,928.40","4,002.00","3,922.30","3,960.10","3,961.40","3,958.27","4,22,784","1,67,34,94,930.30","44,822","2,33,567",55.24
SUPREMEIND,EQ,23-Feb-2026,"3,918.30","3,918.30","3,955.00","3,910.00","3,936.40","3,940.60","3,930.79","1,86,576","73,33,91,787.90","25,273","1,10,268",59.1
SUPREMEIND,EQ,20-Feb-2026,"3,873.20","3,865.20","3,949.90","3,856.90","3,894.00","3,918.30","3,913.96","4,55,886","1,78,43,17,540.60","25,539","3,41,408",74.89
SUPREMEIND,EQ,19-Feb-2026,"3,934.80","3,934.80","3,967.10","3,865.60","3,877.20","3,873.20","3,900.90","1,55,016","60,47,01,744.20","15,161","1,03,152",66.54
SUPREMEIND,EQ,18-Feb-2026,"3,919.60","3,920.00","3,944.00","3,873.20","3,936.20","3,934.80","3,923.08","1,79,069","70,25,02,820.40","16,612","1,24,535",69.55
SUPREMEIND,EQ,17-Feb-2026,"3,885.80","3,900.00","3,927.90","3,871.50","3,920.00","3,919.60","3,906.73","2,56,640","1,00,26,22,012.10","26,494","1,43,701",55.99
SUPREMEIND,EQ,16-Feb-2026,"3,774.90","3,774.90","3,893.60","3,749.50","3,888.00","3,885.80","3,854.98","1,71,503","66,11,41,108.30","15,708","1,05,346",61.43
SUPREMEIND,EQ,13-Feb-2026,"3,844.20","3,827.90","3,831.70","3,745.30","3,760.00","3,774.90","3,785.62","82,044","31,05,87,800.40","12,009","36,081",43.98
SUPREMEIND,EQ,12-Feb-2026,"3,849.40","3,834.10","3,869.90","3,813.80","3,841.90","3,844.20","3,844.26","1,93,500","74,38,64,596.00","25,811","99,449",51.39
SUPREMEIND,EQ,11-Feb-2026,"3,690.70","3,699.90","3,865.90","3,655.10","3,838.30","3,849.40","3,799.01","5,97,885","2,27,13,68,242.30","51,827","3,18,350",53.25
SUPREMEIND,EQ,10-Feb-2026,"3,704.90","3,719.00","3,823.20","3,679.70","3,694.70","3,690.70","3,738.61","4,39,128","1,64,17,27,117.60","40,998","2,21,370",50.41
SUPREMEIND,EQ,09-Feb-2026,"3,678.60","3,702.00","3,738.00","3,648.50","3,716.00","3,704.90","3,702.68","2,36,674","87,63,29,170.50","20,107","1,56,502",66.13
SUPREMEIND,EQ,06-Feb-2026,"3,740.90","3,740.00","3,740.00","3,643.70","3,678.00","3,678.60","3,678.35","1,16,106","42,70,78,338.60","12,277","59,101",50.9
SUPREMEIND,EQ,05-Feb-2026,"3,741.00","3,741.00","3,759.20","3,694.40","3,734.30","3,740.90","3,734.76","1,53,458","57,31,28,117.50","17,015","94,629",61.66
SUPREMEIND,EQ,04-Feb-2026,"3,680.00","3,686.90","3,751.80","3,643.40","3,735.00","3,741.00","3,682.75","3,67,285","1,35,26,18,701.10","33,714","1,97,321",53.72
SUPREMEIND,EQ,03-Feb-2026,"3,600.80","3,636.80","3,719.80","3,619.00","3,684.00","3,680.00","3,661.41","5,11,008","1,87,10,09,709.20","48,597","2,27,087",44.44
SUPREMEIND,EQ,02-Feb-2026,"3,486.90","3,485.00","3,610.00","3,452.60","3,608.00","3,600.80","3,544.72","1,48,477","52,63,08,894.40","19,557","79,090",53.27
SUPREMEIND,EQ,01-Feb-2026,"3,513.50","3,488.00","3,556.00","3,378.90","3,491.50","3,486.90","3,485.26","80,469","28,04,55,512.40","9,066","28,866",35.87
SUPREMEIND,EQ,30-Jan-2026,"3,507.80","3,500.00","3,533.00","3,462.00","3,495.80","3,513.50","3,484.90","5,78,316","2,01,53,71,961.70","33,275","4,18,262",72.32
SUPREMEIND,EQ,29-Jan-2026,"3,512.90","3,521.30","3,532.00","3,465.70","3,506.00","3,507.80","3,498.32","1,46,564","51,27,27,347.80","18,622","99,950",68.2
SUPREMEIND,EQ,28-Jan-2026,"3,444.30","3,450.10","3,558.40","3,450.10","3,519.80","3,512.90","3,513.10","1,70,674","59,95,94,575.30","16,003","93,737",54.92
SUPREMEIND,EQ,27-Jan-2026,"3,488.50","3,505.00","3,505.10","3,421.80","3,461.00","3,444.30","3,450.13","2,60,210","89,77,57,259.90","29,085","1,26,420",48.58
SUPREMEIND,EQ,23-Jan-2026,"3,487.80","3,487.10","3,510.00","3,438.60","3,497.00","3,488.50","3,492.76","3,60,984","1,26,08,32,101.20","31,328","1,83,706",50.89
SUPREMEIND,EQ,22-Jan-2026,"3,348.70","3,341.90","3,500.80","3,322.00","3,488.00","3,487.80","3,464.56","5,36,820","1,85,98,44,156.50","54,715","2,58,700",48.19
SUPREMEIND,EQ,21-Jan-2026,"3,372.70","3,358.60","3,395.00","3,268.00","3,341.90","3,348.70","3,321.49","7,94,428","2,63,86,88,016.60","77,090","2,35,082",29.59
SUPREMEIND,EQ,20-Jan-2026,"3,467.30","3,469.10","3,481.10","3,358.60","3,358.60","3,372.70","3,431.52","2,72,913","93,65,07,425.20","28,368","1,20,026",43.98
SUPREMEIND,EQ,19-Jan-2026,"3,489.20","3,489.20","3,509.90","3,422.70","3,469.10","3,467.30","3,462.76","1,00,352","34,74,94,825.10","13,355","52,482",52.3
SUPREMEIND,EQ,16-Jan-2026,"3,485.20","3,509.90","3,599.00","3,472.80","3,492.50","3,489.20","3,514.30","3,01,600","1,05,99,13,809.00","20,369","1,42,151",47.13
SUPREMEIND,EQ,14-Jan-2026,"3,464.80","3,475.00","3,512.50","3,449.60","3,499.90","3,485.20","3,491.75","2,31,183","80,72,32,109.30","13,642","1,45,460",62.92
SUPREMEIND,EQ,13-Jan-2026,"3,498.70","3,500.80","3,530.80","3,426.70","3,475.00","3,464.80","3,458.74","2,05,745","71,16,18,447.90","15,827","1,23,445",60.0
SUPREMEIND,EQ,12-Jan-2026,"3,495.80","3,492.00","3,535.80","3,469.00","3,500.80","3,498.70","3,500.67","5,02,803","1,76,01,44,908.40","26,392","3,09,252",61.51
SUPREMEIND,EQ,09-Jan-2026,"3,557.40","3,525.10","3,575.00","3,476.30","3,492.00","3,495.80","3,518.79","1,83,964","64,73,30,988.70","14,867","1,00,160",54.45
SUPREMEIND,EQ,08-Jan-2026,"3,626.90","3,626.00","3,633.70","3,539.80","3,540.00","3,557.40","3,586.14","1,06,887","38,33,11,684.90","17,114","60,101",56.23
SUPREMEIND,EQ,07-Jan-2026,"3,636.90","3,612.60","3,655.10","3,586.00","3,633.00","3,626.90","3,624.87","1,03,561","37,53,95,091.50","19,776","50,723",48.98
SUPREMEIND,EQ,06-Jan-2026,"3,594.40","3,609.50","3,648.20","3,589.50","3,625.00","3,636.90","3,629.71","1,75,351","63,64,73,664.10","21,443","91,523",52.19
SUPREMEIND,EQ,05-Jan-2026,"3,534.10","3,540.00","3,624.90","3,529.80","3,587.30","3,594.40","3,595.40","2,82,803","1,01,67,89,307.30","33,452","1,46,674",51.86
SUPREMEIND,EQ,02-Jan-2026,"3,484.40","3,500.40","3,539.00","3,484.50","3,532.80","3,534.10","3,518.47","2,31,479","81,44,50,876.70","20,889","83,383",36.02
SUPREMEIND,EQ,01-Jan-2026,"3,353.80","3,367.00","3,499.00","3,360.60","3,480.00","3,484.40","3,462.71","3,79,188","1,31,30,17,898.70","34,406","1,07,859",28.44
SUPREMEIND,EQ,31-Dec-2025,"3,274.30","3,276.00","3,379.80","3,276.00","3,366.70","3,353.80","3,349.13","2,43,761","81,63,88,274.10","26,768","93,665",38.42
SUPREMEIND,EQ,30-Dec-2025,"3,276.00","3,276.00","3,300.00","3,261.20","3,266.90","3,274.30","3,274.52","1,58,800","51,99,94,433.50","19,999","99,368",62.57
SUPREMEIND,EQ,29-Dec-2025,"3,273.10","3,273.10","3,307.00","3,256.60","3,263.80","3,276.00","3,281.52","64,403","21,13,39,474.40","8,601","25,153",39.06
SUPREMEIND,EQ,26-Dec-2025,"3,320.30","3,323.00","3,331.60","3,265.00","3,272.50","3,273.10","3,303.22","85,228","28,15,26,583.40","9,779","28,498",33.44
SUPREMEIND,EQ,24-Dec-2025,"3,350.90","3,360.00","3,363.00","3,314.30","3,327.90","3,320.30","3,340.92","77,105","25,76,01,713.40","11,384","40,215",52.16
SUPREMEIND,EQ,23-Dec-2025,"3,342.70","3,340.00","3,376.70","3,306.20","3,349.50","3,350.90","3,349.06","1,52,437","51,05,20,581.20","19,380","98,631",64.7
SUPREMEIND,EQ,22-Dec-2025,"3,368.10","3,380.00","3,398.00","3,335.10","3,336.00","3,342.70","3,367.42","68,046","22,91,39,691.90","13,922","34,207",50.27
SUPREMEIND,EQ,19-Dec-2025,"3,340.90","3,340.00","3,383.60","3,327.10","3,375.00","3,368.10","3,364.84","3,05,064","1,02,64,92,910.70","29,161","1,88,753",61.87
SUPREMEIND,EQ,18-Dec-2025,"3,345.20","3,345.20","3,355.20","3,323.20","3,346.00","3,340.90","3,339.63","1,60,105","53,46,91,332.00","11,794","1,09,397",68.33
SUPREMEIND,EQ,17-Dec-2025,"3,405.80","3,399.10","3,399.10","3,323.10","3,335.00","3,345.20","3,349.83","2,56,897","86,05,60,174.20","28,708","1,23,092",47.91
SUPREMEIND,EQ,16-Dec-2025,"3,272.00","3,285.00","3,420.90","3,285.00","3,397.80","3,405.80","3,388.06","9,02,022","3,05,61,04,667.70","69,295","2,46,003",27.27
SUPREMEIND,EQ,15-Dec-2025,"3,221.10","3,230.50","3,288.90","3,182.10","3,284.00","3,272.00","3,232.74","5,54,912","1,79,38,88,331.70","29,058","4,01,051",72.27
SUPREMEIND,EQ,12-Dec-2025,"3,234.20","3,234.00","3,264.80","3,211.40","3,223.50","3,221.10","3,232.76","57,392","18,55,34,341.20","6,414","23,182",40.39
SUPREMEIND,EQ,11-Dec-2025,"3,297.10","3,282.00","3,289.40","3,182.00","3,227.00","3,234.20","3,225.19","3,97,486","1,28,19,65,887.00","31,982","1,63,249",41.07
SUPREMEIND,EQ,10-Dec-2025,"3,329.60","3,348.00","3,353.70","3,278.50","3,290.00","3,297.10","3,301.78","80,444","26,56,08,723.00","9,847","42,890",53.32
SUPREMEIND,EQ,09-Dec-2025,"3,348.40","3,348.00","3,348.40","3,301.40","3,325.00","3,329.60","3,327.62","77,489","25,78,54,109.60","10,223","44,276",57.14
SUPREMEIND,EQ,08-Dec-2025,"3,371.10","3,352.00","3,355.10","3,310.00","3,350.00","3,348.40","3,331.53","2,79,616","93,15,49,134.40","16,032","1,96,525",70.28
SUPREMEIND,EQ,05-Dec-2025,"3,341.10","3,341.20","3,384.00","3,280.50","3,362.90","3,371.10","3,352.00","5,71,062","1,91,42,00,733.70","33,722","4,02,364",70.46
SUPREMEIND,EQ,04-Dec-2025,"3,297.40","3,285.00","3,345.00","3,285.00","3,339.20","3,341.10","3,322.30","62,801","20,86,43,859.40","8,724","26,971",42.95
SUPREMEIND,EQ,03-Dec-2025,"3,332.10","3,332.00","3,340.00","3,288.40","3,298.70","3,297.40","3,302.60","1,59,519","52,68,28,165.60","16,598","1,01,633",63.71
SUPREMEIND,EQ,02-Dec-2025,"3,334.50","3,334.30","3,356.50","3,310.50","3,326.80","3,332.10","3,328.31","1,34,251","44,68,28,776.40","17,682","79,327",59.09
SUPREMEIND,EQ,01-Dec-2025,"3,391.60","3,400.00","3,407.50","3,322.20","3,340.00","3,334.50","3,352.77","4,77,985","1,60,25,73,831.10","29,486","3,28,206",68.66
SUPREMEIND,EQ,28-Nov-2025,"3,416.90","3,420.00","3,421.00","3,384.00","3,391.80","3,391.60","3,394.34","2,08,536","70,78,41,474.50","16,946","1,39,330",66.81
SUPREMEIND,EQ,27-Nov-2025,"3,463.90","3,459.00","3,459.00","3,401.40","3,414.00","3,416.90","3,419.61","2,21,239","75,65,51,230.30","22,381","1,13,933",51.5
SUPREMEIND,EQ,26-Nov-2025,"3,427.30","3,610.50","3,610.50","3,402.00","3,444.90","3,463.90","3,466.26","2,60,828","90,40,96,467.30","17,397","75,573",28.97
SUPREMEIND,EQ,25-Nov-2025,"3,432.50","3,445.00","3,459.20","3,418.00","3,423.00","3,427.30","3,430.83","1,39,324","47,79,96,738.20","16,945","72,309",51.9
SUPREMEIND,EQ,24-Nov-2025,"3,475.30","3,489.50","3,489.50","3,420.90","3,438.00","3,432.50","3,455.74","4,45,302","1,53,88,45,886.50","27,449","2,82,095",63.35
SUPREMEIND,EQ,21-Nov-2025,"3,568.70","3,567.00","3,567.00","3,463.40","3,475.00","3,475.30","3,500.15","3,47,471","1,21,62,00,100.40","27,295","1,71,694",49.41
SUPREMEIND,EQ,20-Nov-2025,"3,591.00","3,609.50","3,615.00","3,547.20","3,572.00","3,568.70","3,574.29","2,13,608","76,34,96,674.80","24,313","1,14,653",53.67
SUPREMEIND,EQ,19-Nov-2025,"3,618.40","3,635.00","3,636.30","3,571.50","3,594.00","3,591.00","3,589.22","2,06,982","74,29,03,174.60","20,702","1,13,138",54.66
SUPREMEIND,EQ,18-Nov-2025,"3,625.70","3,629.00","3,655.00","3,596.00","3,613.00","3,618.40","3,616.96","1,73,788","62,85,84,090.40","19,463","91,994",52.93
SUPREMEIND,EQ,17-Nov-2025,"3,709.80","3,679.00","3,710.30","3,612.20","3,633.00","3,625.70","3,644.22","4,41,046","1,60,72,70,476.30","41,887","2,14,899",48.72
SUPREMEIND,EQ,14-Nov-2025,"3,832.00","3,832.00","3,832.00","3,692.40","3,707.00","3,709.80","3,752.01","3,46,218","1,29,90,13,322.80","33,349","1,75,049",50.56
SUPREMEIND,EQ,13-Nov-2025,"3,914.30","3,915.00","3,915.00","3,803.00","3,835.00","3,832.00","3,837.81","3,12,787","1,20,04,18,415.70","26,821","1,79,442",57.37
SUPREMEIND,EQ,12-Nov-2025,"3,874.20","3,880.00","3,938.00","3,853.50","3,922.30","3,914.30","3,889.96","1,06,866","41,57,04,968.60","15,835","54,086",50.61
SUPREMEIND,EQ,11-Nov-2025,"3,866.50","3,866.50","3,891.00","3,814.90","3,884.30","3,874.20","3,857.26","1,26,103","48,64,12,147.30","13,107","69,379",55.02
SUPREMEIND,EQ,10-Nov-2025,"3,831.20","3,838.90","3,903.90","3,824.90","3,875.00","3,866.50","3,861.50","1,69,752","65,54,98,149.60","18,430","98,455",58.0
SUPREMEIND,EQ,07-Nov-2025,"3,845.10","3,838.90","3,848.90","3,765.00","3,831.20","3,831.20","3,809.17","2,20,703","84,06,96,257.10","28,530","1,17,294",53.15
SUPREMEIND,EQ,06-Nov-2025,"3,888.60","3,898.00","3,902.70","3,832.60","3,836.10","3,845.10","3,854.33","2,00,648","77,33,63,385.20","22,201","1,36,795",68.18
SUPREMEIND,EQ,04-Nov-2025,"3,929.50","3,929.00","3,948.00","3,862.60","3,892.00","3,888.60","3,894.07","1,00,488","39,13,07,549.60","16,546","57,960",57.68
SUPREMEIND,EQ,03-Nov-2025,"3,812.50","3,800.00","3,939.00","3,788.10","3,920.30","3,929.50","3,891.80","3,16,701","1,23,25,36,064.70","26,069","1,65,374",52.22
SUPREMEIND,EQ,31-Oct-2025,"3,809.30","3,822.00","3,838.90","3,789.30","3,805.10","3,812.50","3,814.66","2,33,131","88,93,15,331.40","20,285","1,53,616",65.89
SUPREMEIND,EQ,30-Oct-2025,"3,849.30","3,855.00","3,862.10","3,797.80","3,798.20","3,809.30","3,819.14","4,01,882","1,53,48,45,197.20","18,968","3,23,746",80.56
SUPREMEIND,EQ,29-Oct-2025,"3,814.20","3,819.90","3,858.50","3,811.00","3,847.00","3,849.30","3,836.78","5,28,787","2,02,88,36,942.60","35,898","3,69,444",69.87
SUPREMEIND,EQ,28-Oct-2025,"4,000.90","3,960.00","3,999.80","3,810.00","3,814.60","3,814.20","3,842.51","16,49,586","6,33,85,48,870.00","70,266","10,68,725",64.79
SUPREMEIND,EQ,27-Oct-2025,"4,003.70","3,970.00","4,064.40","3,885.20","3,995.30","4,000.90","3,992.56","9,87,205","3,94,14,73,149.50","59,595","4,86,627",49.29
SUPREMEIND,EQ,24-Oct-2025,"4,151.00","4,160.80","4,174.70","3,901.00","4,011.00","4,003.70","4,043.29","7,16,862","2,89,84,84,266.60","39,800","3,46,350",48.31
SUPREMEIND,EQ,23-Oct-2025,"4,190.40","4,206.00","4,212.50","4,140.00","4,156.50","4,151.00","4,165.46","96,465","40,18,21,278.50","16,973","60,509",62.73
SUPREMEIND,EQ,21-Oct-2025,"4,192.90","4,192.90","4,210.00","4,181.10","4,190.00","4,190.40","4,190.95","6,931","2,90,47,445.30","1,400","4,388",63.31
SUPREMEIND,EQ,20-Oct-2025,"4,209.00","4,244.00","4,244.00","4,183.70","4,198.00","4,192.90","4,202.64","45,131","18,96,69,290.40","6,609","24,029",53.24
SUPREMEIND,EQ,17-Oct-2025,"4,240.20","4,240.20","4,266.00","4,179.00","4,220.00","4,209.00","4,214.18","43,475","18,32,11,560.10","7,402","19,694",45.3
SUPREMEIND,EQ,16-Oct-2025,"4,197.50","4,220.00","4,248.00","4,200.00","4,247.90","4,240.20","4,235.33","29,283","12,40,23,083.30","4,939","13,040",44.53
SUPREMEIND,EQ,15-Oct-2025,"4,167.80","4,170.00","4,225.00","4,160.00","4,205.10","4,197.50","4,195.88","75,387","31,63,14,941.70","8,802","40,238",53.38
SUPREMEIND,EQ,14-Oct-2025,"4,264.20","4,260.00","4,282.40","4,161.00","4,170.00","4,167.80","4,203.98","43,736","18,38,65,350.10","7,003","18,508",42.32
SUPREMEIND,EQ,13-Oct-2025,"4,237.40","4,150.10","4,273.30","4,150.10","4,268.00","4,264.20","4,251.31","51,444","21,87,04,615.40","9,508","25,967",50.48
SUPREMEIND,EQ,10-Oct-2025,"4,178.80","4,178.00","4,265.00","4,161.80","4,237.00","4,237.40","4,225.73","1,15,703","48,89,29,427.00","14,980","64,047",55.35
SUPREMEIND,EQ,09-Oct-2025,"4,154.40","4,186.70","4,198.20","4,112.60","4,173.00","4,178.80","4,177.22","52,464","21,91,53,777.80","10,268","23,829",45.42
SUPREMEIND,EQ,08-Oct-2025,"4,226.90","4,210.00","4,224.50","4,142.00","4,158.00","4,154.40","4,174.47","1,16,555","48,65,55,644.10","21,885","53,436",45.85
SUPREMEIND,EQ,07-Oct-2025,"4,171.70","4,178.80","4,293.90","4,178.80","4,235.00","4,226.90","4,243.04","1,55,036","65,78,24,565.70","22,367","47,388",30.57
SUPREMEIND,EQ,06-Oct-2025,"4,209.70","4,208.20","4,217.20","4,150.60","4,171.00","4,171.70","4,172.62","51,705","21,57,45,150.70","11,698","24,901",48.16
SUPREMEIND,EQ,03-Oct-2025,"4,190.20","4,190.00","4,223.00","4,141.80","4,200.00","4,209.70","4,189.69","1,71,752","71,95,88,117.00","21,746","1,07,498",62.59
SUPREMEIND,EQ,01-Oct-2025,"4,219.60","4,206.00","4,243.00","4,160.50","4,190.00","4,190.20","4,190.91","51,242","21,47,50,718.30","9,341","22,316",43.55
SUPREMEIND,EQ,30-Sep-2025,"4,218.50","4,218.50","4,266.00","4,148.50","4,240.00","4,219.60","4,205.70","3,97,074","1,66,99,73,727.30","41,211","2,30,451",58.04
SUPREMEIND,EQ,29-Sep-2025,"4,234.20","4,234.00","4,257.00","4,191.50","4,197.00","4,218.50","4,224.40","1,37,451","58,06,47,512.70","28,840","74,392",54.12
SUPREMEIND,EQ,26-Sep-2025,"4,271.10","4,271.10","4,341.80","4,221.00","4,229.00","4,234.20","4,291.08","1,98,687","85,25,82,182.40","33,897","88,068",44.32
SUPREMEIND,EQ,25-Sep-2025,"4,348.90","4,348.90","4,383.90","4,256.40","4,275.20","4,271.10","4,309.89","1,23,469","53,21,37,770.60","23,963","66,045",53.49
SUPREMEIND,EQ,24-Sep-2025,"4,326.30","4,330.00","4,382.50","4,305.00","4,338.50","4,348.90","4,343.57","89,655","38,94,22,793.80","15,404","34,738",38.75
SUPREMEIND,EQ,23-Sep-2025,"4,371.90","4,390.00","4,397.40","4,320.50","4,326.50","4,326.30","4,352.74","92,703","40,35,11,634.30","16,044","40,467",43.65
SUPREMEIND,EQ,22-Sep-2025,"4,411.40","4,411.40","4,445.30","4,362.00","4,365.00","4,371.90","4,394.00","47,757","20,98,44,481.50","9,764","19,703",41.26
SUPREMEIND,EQ,19-Sep-2025,"4,475.30","4,476.00","4,492.70","4,402.00","4,425.40","4,411.40","4,421.84","1,74,009","76,94,40,258.90","21,921","1,21,456",69.8
SUPREMEIND,EQ,18-Sep-2025,"4,508.50","4,548.70","4,548.70","4,460.00","4,475.00","4,475.30","4,491.39","58,444","26,24,94,552.00","11,863","27,682",47.36
SUPREMEIND,EQ,17-Sep-2025,"4,593.90","4,591.70","4,628.40","4,501.00","4,508.70","4,508.50","4,560.56","1,49,641","68,24,46,162.80","34,081","92,125",61.56
SUPREMEIND,EQ,16-Sep-2025,"4,496.00","4,490.00","4,632.00","4,473.40","4,591.00","4,593.90","4,563.97","2,14,415","97,85,83,542.60","27,747","1,24,548",58.09
SUPREMEIND,EQ,15-Sep-2025,"4,532.70","4,530.10","4,538.80","4,455.00","4,502.00","4,496.00","4,492.23","65,475","29,41,29,025.20","12,787","25,843",39.47
SUPREMEIND,EQ,12-Sep-2025,"4,353.30","4,356.10","4,548.50","4,356.10","4,531.80","4,532.70","4,476.35","3,07,480","1,37,63,86,980.60","34,404","91,778",29.85
SUPREMEIND,EQ,11-Sep-2025,"4,282.50","4,290.00","4,381.70","4,275.50","4,348.90","4,353.30","4,346.98","1,16,333","50,56,96,883.20","19,587","38,180",32.82
SUPREMEIND,EQ,10-Sep-2025,"4,378.50","4,305.00","4,386.80","4,251.30","4,290.00","4,282.50","4,313.17","5,81,572","2,50,84,21,092.80","52,744","3,61,777",62.21
SUPREMEIND,EQ,09-Sep-2025,"4,462.00","4,457.00","4,474.90","4,292.00","4,309.90","4,378.50","4,409.40","2,12,205","93,56,97,630.30","21,077","1,44,910",68.29
SUPREMEIND,EQ,08-Sep-2025,"4,577.70","4,577.70","4,588.70","4,444.90","4,457.70","4,462.00","4,498.78","2,13,671","96,12,58,416.60","23,415","1,46,263",68.45
SUPREMEIND,EQ,05-Sep-2025,"4,589.90","4,596.90","4,630.00","4,544.20","4,568.00","4,577.70","4,588.54","47,524","21,80,65,956.40","10,581","21,147",44.5
SUPREMEIND,EQ,04-Sep-2025,"4,631.00","4,635.00","4,642.70","4,548.40","4,586.90","4,589.90","4,585.73","74,360","34,09,94,936.80","12,675","32,182",43.28
SUPREMEIND,EQ,03-Sep-2025,"4,591.30","4,590.00","4,641.00","4,551.00","4,617.40","4,631.00","4,619.49","1,19,399","55,15,62,604.70","19,580","72,521",60.74
SUPREMEIND,EQ,02-Sep-2025,"4,574.80","4,574.80","4,627.50","4,545.00","4,604.00","4,591.30","4,603.89","84,896","39,08,51,670.50","13,600","45,455",53.54
SUPREMEIND,EQ,01-Sep-2025,"4,471.20","4,473.00","4,584.00","4,473.00","4,565.40","4,574.80","4,551.05","54,770","24,92,60,975.20","9,432","28,737",52.47
SUPREMEIND,EQ,29-Aug-2025,"4,506.50","4,506.50","4,520.90","4,451.50","4,483.00","4,471.20","4,483.03","1,05,834","47,44,57,032.70","19,070","55,313",52.26
SUPREMEIND,EQ,28-Aug-2025,"4,574.40","4,573.00","4,608.90","4,484.00","4,497.90","4,506.50","4,560.13","1,11,504","50,84,72,675.40","16,611","56,878",51.01
SUPREMEIND,EQ,26-Aug-2025,"4,631.20","4,631.00","4,659.60","4,555.20","4,584.90","4,574.40","4,592.20","1,68,139","77,21,28,094.00","17,507","1,03,136",61.34
SUPREMEIND,EQ,25-Aug-2025,"4,637.80","4,640.00","4,664.90","4,586.10","4,623.00","4,631.20","4,629.64","1,07,201","49,63,01,698.50","14,473","48,672",45.4
SUPREMEIND,EQ,22-Aug-2025,"4,576.40","4,550.10","4,658.80","4,550.10","4,616.00","4,637.80","4,618.09","1,36,020","62,81,52,958.10","18,870","67,160",49.38
SUPREMEIND,EQ,21-Aug-2025,"4,541.60","4,552.20","4,648.40","4,522.50","4,578.60","4,576.40","4,578.23","3,01,906","1,38,21,94,186.90","33,089","85,433",28.3
SUPREMEIND,EQ,20-Aug-2025,"4,598.10","4,564.60","4,615.80","4,533.10","4,545.90","4,541.60","4,576.96","1,39,786","63,97,94,443.20","14,034","61,604",44.07
SUPREMEIND,EQ,19-Aug-2025,"4,496.00","4,530.00","4,615.90","4,473.30","4,605.00","4,598.10","4,554.46","2,89,685","1,31,93,59,978.60","47,646","1,30,020",44.88
SUPREMEIND,EQ,18-Aug-2025,"4,297.70","4,319.90","4,517.00","4,319.90","4,495.10","4,496.00","4,469.11","2,69,556","1,20,46,74,526.70","27,465","1,20,844",44.83
SUPREMEIND,EQ,14-Aug-2025,"4,300.00","4,300.00","4,340.00","4,265.30","4,307.00","4,297.70","4,300.24","2,11,708","91,03,94,329.10","24,227","1,37,396",64.9
SUPREMEIND,EQ,13-Aug-2025,"4,219.80","4,220.00","4,340.00","4,220.00","4,286.40","4,300.00","4,282.78","2,83,201","1,21,28,87,626.70","17,718","2,02,592",71.54
SUPREMEIND,EQ,12-Aug-2025,"4,354.70","4,329.00","4,347.20","4,205.90","4,220.00","4,219.80","4,268.19","1,26,898","54,16,25,311.50","19,839","40,172",31.66
SUPREMEIND,EQ,11-Aug-2025,"4,150.50","4,151.00","4,359.50","4,139.50","4,350.00","4,354.70","4,296.55","2,01,475","86,56,46,734.30","26,220","52,831",26.22
SUPREMEIND,EQ,08-Aug-2025,"4,176.80","4,156.00","4,175.00","4,116.50","4,152.00","4,150.50","4,144.55","1,44,702","59,97,24,833.30","20,159","81,231",56.14
SUPREMEIND,EQ,07-Aug-2025,"4,183.80","4,180.00","4,193.70","4,103.80","4,180.50","4,176.80","4,143.24","1,46,642","60,75,72,441.50","19,502","76,856",52.41
SUPREMEIND,EQ,06-Aug-2025,"4,268.40","4,268.00","4,272.60","4,152.30","4,170.00","4,183.80","4,192.87","2,32,677","97,55,85,095.10","21,084","1,45,793",62.66
SUPREMEIND,EQ,05-Aug-2025,"4,291.00","4,291.00","4,302.60","4,243.80","4,269.90","4,268.40","4,270.25","41,508","17,72,49,623.00","10,388","14,824",35.71
SUPREMEIND,EQ,04-Aug-2025,"4,249.10","4,230.00","4,302.70","4,195.20","4,300.00","4,291.00","4,262.16","1,01,812","43,39,39,433.40","17,336","45,337",44.53
SUPREMEIND,EQ,01-Aug-2025,"4,306.90","4,314.90","4,340.80","4,235.00","4,249.80","4,249.10","4,292.20","86,273","37,03,01,288.70","15,198","28,346",32.86
SUPREMEIND,EQ,31-Jul-2025,"4,279.20","4,260.00","4,329.80","4,237.30","4,311.10","4,306.90","4,277.46","1,58,166","67,65,48,332.90","24,902","69,856",44.17
SUPREMEIND,EQ,30-Jul-2025,"4,325.40","4,338.00","4,338.00","4,245.80","4,270.00","4,279.20","4,278.49","1,21,793","52,10,89,843.20","19,143","52,592",43.18
SUPREMEIND,EQ,29-Jul-2025,"4,295.60","4,311.00","4,375.00","4,300.20","4,314.60","4,325.40","4,336.56","2,42,347","1,05,09,52,420.90","25,368","1,17,344",48.42
SUPREMEIND,EQ,28-Jul-2025,"4,311.70","4,277.80","4,361.70","4,239.20","4,324.70","4,295.60","4,316.15","2,09,022","90,21,70,225.40","33,595","68,460",32.75
SUPREMEIND,EQ,25-Jul-2025,"4,242.70","4,201.20","4,342.30","4,152.50","4,315.00","4,311.70","4,277.28","4,41,380","1,88,79,05,312.40","45,909","1,23,948",28.08
SUPREMEIND,EQ,24-Jul-2025,"4,133.40","4,120.00","4,260.00","4,019.50","4,237.10","4,242.70","4,146.01","5,62,779","2,33,32,88,974.90","69,093","1,03,445",18.38
SUPREMEIND,EQ,23-Jul-2025,"4,088.10","4,092.20","4,192.30","4,057.30","4,134.70","4,133.40","4,109.61","2,49,937","1,02,71,43,789.80","32,785","1,26,356",50.56
SUPREMEIND,EQ,22-Jul-2025,"4,200.20","4,245.00","4,245.00","4,052.40","4,089.90","4,088.10","4,103.89","4,29,794","1,76,38,25,704.00","38,319","2,07,697",48.32
SUPREMEIND,EQ,21-Jul-2025,"4,216.60","4,218.10","4,348.90","4,172.00","4,202.00","4,200.20","4,268.49","2,26,221","96,56,21,662.80","32,608","56,405",24.93
SUPREMEIND,EQ,18-Jul-2025,"4,265.80","4,270.00","4,270.00","4,194.20","4,216.00","4,216.60","4,220.94","1,78,120","75,18,34,531.60","18,667","1,10,824",62.22
SUPREMEIND,EQ,17-Jul-2025,"4,235.90","4,249.80","4,274.90","4,222.50","4,257.00","4,265.80","4,255.81","64,849","27,59,84,964.90","12,702","32,598",50.27
SUPREMEIND,EQ,16-Jul-2025,"4,240.50","4,240.00","4,247.70","4,182.60","4,230.00","4,235.90","4,218.50","88,762","37,44,42,457.90","12,603","46,246",52.1
SUPREMEIND,EQ,15-Jul-2025,"4,112.00","4,135.00","4,250.40","4,125.70","4,232.10","4,240.50","4,191.61","1,40,399","58,84,97,621.40","24,114","65,805",46.87
SUPREMEIND,EQ,14-Jul-2025,"4,114.20","4,080.00","4,129.90","4,060.80","4,112.40","4,112.00","4,098.65","2,63,406","1,07,96,07,901.60","28,455","1,64,772",62.55
SUPREMEIND,EQ,11-Jul-2025,"4,149.20","4,153.30","4,178.90","4,077.00","4,083.50","4,114.20","4,117.71","1,06,582","43,88,74,239.90","16,343","53,951",50.62
SUPREMEIND,EQ,10-Jul-2025,"4,194.70","4,200.00","4,239.00","4,140.10","4,160.90","4,149.20","4,174.81","59,546","24,85,93,465.70","8,918","26,308",44.18
SUPREMEIND,EQ,09-Jul-2025,"4,196.10","4,225.00","4,225.00","4,184.00","4,203.00","4,194.70","4,195.58","1,31,005","54,96,42,380.40","11,706","76,682",58.53
SUPREMEIND,EQ,08-Jul-2025,"4,273.60","4,270.00","4,284.30","4,176.50","4,185.00","4,196.10","4,205.81","1,78,168","74,93,40,499.90","22,277","1,27,653",71.65
SUPREMEIND,EQ,07-Jul-2025,"4,265.20","4,270.00","4,292.90","4,239.20","4,269.90","4,273.60","4,268.57","67,070","28,62,93,047.50","14,821","39,868",59.44
SUPREMEIND,EQ,04-Jul-2025,"4,261.60","4,299.00","4,316.70","4,240.00","4,279.00","4,265.20","4,274.20","58,985","25,21,13,891.20","9,348","24,513",41.56
SUPREMEIND,EQ,03-Jul-2025,"4,302.40","4,302.40","4,325.50","4,252.20","4,270.80","4,261.60","4,277.98","1,40,745","60,21,03,682.60","15,742","90,608",64.38
SUPREMEIND,EQ,02-Jul-2025,"4,375.80","4,375.80","4,388.70","4,270.00","4,302.30","4,302.40","4,315.17","1,39,098","60,02,31,478.40","17,817","87,232",62.71
SUPREMEIND,EQ,01-Jul-2025,"4,391.40","4,400.00","4,441.00","4,357.30","4,384.40","4,375.80","4,388.17","3,65,171","1,60,24,31,141.10","19,653","2,78,438",76.25
SUPREMEIND,EQ,30-Jun-2025,"4,342.00","4,379.00","4,398.90","4,316.40","4,365.00","4,391.40","4,349.34","2,71,888","1,18,25,34,695.50","17,884","1,92,240",70.71
SUPREMEIND,EQ,27-Jun-2025,"4,374.50","4,396.00","4,414.20","4,300.00","4,321.50","4,342.00","4,367.89","1,37,916","60,24,01,723.50","18,987","81,188",58.87
SUPREMEIND,EQ,26-Jun-2025,"4,412.00","4,458.00","4,475.80","4,332.00","4,365.00","4,374.50","4,383.99","2,51,092","1,10,07,85,629.10","28,306","92,335",36.77
SUPREMEIND,EQ,25-Jun-2025,"4,472.90","4,472.10","4,483.50","4,382.60","4,410.00","4,412.00","4,426.86","2,46,940","1,09,31,68,266.10","25,345","1,10,285",44.66
SUPREMEIND,EQ,24-Jun-2025,"4,482.00","4,482.90","4,583.80","4,457.80","4,458.00","4,472.90","4,504.58","2,02,444","91,19,25,874.20","27,098","43,556",21.52
SUPREMEIND,EQ,23-Jun-2025,"4,465.80","4,388.00","4,511.60","4,265.90","4,465.00","4,482.00","4,414.42","8,76,039","3,86,72,07,131.60","76,868","3,39,637",38.77
SUPREMEIND,EQ,20-Jun-2025,"4,441.30","4,435.00","4,502.60","4,372.20","4,467.00","4,465.80","4,450.87","3,97,703","1,77,01,25,152.40","35,331","2,34,701",59.01
SUPREMEIND,EQ,19-Jun-2025,"4,616.60","4,610.00","4,610.00","4,419.60","4,422.00","4,441.30","4,476.78","2,56,502","1,14,83,02,073.60","30,106","80,260",31.29
SUPREMEIND,EQ,18-Jun-2025,"4,644.40","4,620.00","4,723.30","4,581.00","4,582.00","4,616.60","4,645.18","2,79,483","1,29,82,49,426.20","26,591","1,20,996",43.29
SUPREMEIND,EQ,17-Jun-2025,"4,557.30","4,557.30","4,739.00","4,550.00","4,630.00","4,644.40","4,665.18","10,90,766","5,08,86,22,931.50","54,226","6,67,265",61.17
SUPREMEIND,EQ,16-Jun-2025,"4,349.80","4,348.90","4,617.90","4,252.80","4,615.00","4,557.30","4,468.51","4,68,588","2,09,38,89,060.20","46,457","2,32,579",49.63
SUPREMEIND,EQ,13-Jun-2025,"4,282.20","4,230.00","4,366.00","4,211.90","4,353.90","4,349.80","4,296.45","2,18,524","93,88,76,978.30","28,337","1,06,403",48.69
SUPREMEIND,EQ,12-Jun-2025,"4,350.70","4,332.00","4,382.60","4,225.40","4,272.70","4,282.20","4,289.75","1,76,893","75,88,26,096.50","16,908","1,02,693",58.05
SUPREMEIND,EQ,11-Jun-2025,"4,406.40","4,406.40","4,432.60","4,332.50","4,354.00","4,350.70","4,373.54","1,22,884","53,74,38,518.00","13,098","61,008",49.65
SUPREMEIND,EQ,10-Jun-2025,"4,400.60","4,388.00","4,430.00","4,355.40","4,403.00","4,406.40","4,398.80","1,98,635","87,37,55,191.40","16,912","1,43,280",72.13
SUPREMEIND,EQ,09-Jun-2025,"4,345.70","4,368.00","4,425.10","4,343.20","4,380.00","4,400.60","4,385.71","78,815","34,56,59,550.30","9,578","39,261",49.81
SUPREMEIND,EQ,06-Jun-2025,"4,353.10","4,333.10","4,351.00","4,256.00","4,340.00","4,345.70","4,311.31","2,24,313","96,70,81,815.60","19,972","1,07,241",47.81
SUPREMEIND,EQ,05-Jun-2025,"4,286.50","4,295.00","4,360.20","4,267.10","4,340.00","4,353.10","4,331.26","2,05,473","88,99,56,830.30","24,950","1,03,333",50.29
SUPREMEIND,EQ,04-Jun-2025,"4,192.70","4,250.00","4,307.00","4,194.80","4,299.00","4,286.50","4,265.74","2,83,143","1,20,78,14,348.20","27,724","1,61,110",56.9
SUPREMEIND,EQ,03-Jun-2025,"4,206.20","4,249.00","4,270.00","4,175.50","4,178.00","4,192.70","4,232.23","1,58,694","67,16,29,258.50","27,403","77,069",48.56
SUPREMEIND,EQ,02-Jun-2025,"4,146.20","4,147.60","4,230.00","4,120.10","4,190.20","4,206.20","4,198.15","1,78,670","75,00,82,778.20","22,950","94,837",53.08
SUPREMEIND,EQ,30-May-2025,"4,247.40","4,247.40","4,267.30","4,089.20","4,145.00","4,146.20","4,167.91","11,35,941","4,73,45,03,999.00","54,160","8,03,344",70.72
SUPREMEIND,EQ,29-May-2025,"4,253.80","4,250.00","4,292.00","4,180.50","4,264.00","4,247.40","4,229.72","3,76,234","1,59,13,63,152.50","34,608","2,06,374",54.85
SUPREMEIND,EQ,28-May-2025,"4,200.40","4,200.40","4,273.90","4,170.00","4,255.00","4,253.80","4,234.08","6,56,796","2,78,09,24,853.10","45,018","4,12,859",62.86
SUPREMEIND,EQ,27-May-2025,"4,036.20","4,037.00","4,220.50","4,008.00","4,185.00","4,200.40","4,141.26","7,91,753","3,27,88,53,646.20","58,017","3,78,966",47.86
SUPREMEIND,EQ,26-May-2025,"3,914.20","3,918.00","4,048.90","3,903.00","4,028.00","4,036.20","3,986.56","7,09,810","2,82,96,99,014.70","60,747","3,97,128",55.95
SUPREMEIND,EQ,23-May-2025,"3,822.00","3,803.50","3,928.00","3,788.50","3,902.00","3,914.20","3,869.43","7,44,447","2,88,05,85,272.80","59,177","5,00,598",67.24
SUPREMEIND,EQ,22-May-2025,"3,826.00","3,799.80","3,837.60","3,750.90","3,830.00","3,822.00","3,813.91","3,56,914","1,36,12,37,841.40","36,279","2,24,620",62.93
SUPREMEIND,EQ,21-May-2025,"3,723.80","3,582.70","3,854.40","3,582.70","3,802.50","3,826.00","3,789.05","3,16,823","1,20,04,58,787.10","52,610","1,27,608",40.28
SUPREMEIND,EQ,20-May-2025,"3,839.40","3,894.00","3,894.00","3,710.00","3,736.00","3,723.80","3,802.76","5,31,681","2,02,18,53,871.00","42,791","3,59,029",67.53
SUPREMEIND,EQ,19-May-2025,"3,681.90","3,715.50","3,866.00","3,668.60","3,855.00","3,839.40","3,811.58","5,40,336","2,05,95,31,656.20","61,532","2,10,390",38.94
SUPREMEIND,EQ,16-May-2025,"3,642.70","3,660.00","3,720.00","3,616.00","3,680.00","3,681.90","3,669.42","3,41,068","1,25,15,20,486.00","49,233","1,74,673",51.21
SUPREMEIND,EQ,15-May-2025,"3,569.60","3,575.00","3,665.00","3,548.10","3,645.00","3,642.70","3,629.54","2,57,763","93,55,61,260.90","31,978","1,13,571",44.06
SUPREMEIND,EQ,14-May-2025,"3,588.20","3,580.10","3,585.00","3,530.10","3,575.00","3,569.60","3,564.00","2,32,376","82,81,88,886.90","32,725","1,23,850",53.3
SUPREMEIND,EQ,13-May-2025,"3,580.10","3,580.10","3,621.90","3,532.60","3,581.00","3,588.20","3,587.03","1,79,740","64,47,33,288.30","25,046","79,483",44.22
SUPREMEIND,EQ,12-May-2025,"3,483.80","3,550.00","3,603.00","3,511.30","3,578.00","3,580.10","3,577.60","1,95,016","69,76,90,148.20","23,425","94,218",48.31
SUPREMEIND,EQ,09-May-2025,"3,480.40","3,370.00","3,494.00","3,351.50","3,487.00","3,483.80","3,458.03","1,32,159","45,70,10,336.60","20,608","38,892",29.43
SUPREMEIND,EQ,08-May-2025,"3,455.20","3,455.00","3,534.70","3,438.70","3,446.10","3,480.40","3,495.38","2,57,778","90,10,32,004.40","35,893","1,24,342",48.24
SUPREMEIND,EQ,07-May-2025,"3,447.90","3,380.10","3,474.50","3,380.00","3,464.00","3,455.20","3,435.65","2,16,529","74,39,17,401.50","27,385","1,18,375",54.67
SUPREMEIND,EQ,06-May-2025,"3,502.40","3,505.00","3,520.00","3,409.00","3,452.00","3,447.90","3,451.42","1,34,893","46,55,71,890.90","14,715","76,771",56.91
SUPREMEIND,EQ,05-May-2025,"3,447.70","3,450.20","3,511.00","3,432.00","3,502.00","3,502.40","3,471.29","1,04,551","36,29,26,639.60","17,351","49,432",47.28
SUPREMEIND,EQ,02-May-2025,"3,539.00","3,470.60","3,543.20","3,425.70","3,443.00","3,447.70","3,484.94","1,57,680","54,95,04,942.70","23,003","72,038",45.69
SUPREMEIND,EQ,30-Apr-2025,"3,584.50","3,570.00","3,571.10","3,491.10","3,535.00","3,539.00","3,542.61","2,91,426","1,03,24,08,846.50","20,362","1,97,670",67.83
SUPREMEIND,EQ,29-Apr-2025,"3,635.10","3,630.00","3,630.50","3,551.10","3,570.00","3,584.50","3,585.35","2,25,836","80,97,00,186.80","28,932","1,22,205",54.11
SUPREMEIND,EQ,28-Apr-2025,"3,477.80","3,500.00","3,676.30","3,478.00","3,618.00","3,635.10","3,612.12","5,88,862","2,12,70,38,841.00","62,763","2,72,247",46.23
SUPREMEIND,EQ,25-Apr-2025,"3,511.70","3,545.00","3,618.50","3,400.00","3,471.70","3,477.80","3,500.81","2,39,037","83,68,23,498.30","33,067","72,786",30.45
SUPREMEIND,EQ,24-Apr-2025,"3,526.00","3,520.00","3,625.30","3,436.00","3,506.00","3,511.70","3,513.89","14,73,276","5,17,69,25,266.70","99,528","7,37,924",50.09
SUPREMEIND,EQ,23-Apr-2025,"3,522.20","3,530.00","3,538.00","3,466.10","3,510.10","3,526.00","3,511.52","1,68,446","59,15,00,864.40","28,136","85,469",50.74
SUPREMEIND,EQ,22-Apr-2025,"3,514.80","3,524.00","3,578.00","3,496.20","3,529.80","3,522.20","3,529.36","2,74,955","97,04,15,042.40","30,714","1,83,909",66.89
SUPREMEIND,EQ,21-Apr-2025,"3,397.60","3,395.00","3,532.70","3,390.00","3,503.00","3,514.80","3,482.13","2,83,157","98,59,89,392.60","30,055","1,68,568",59.53
SUPREMEIND,EQ,17-Apr-2025,"3,398.20","3,402.00","3,437.00","3,342.80","3,382.50","3,397.60","3,407.35","1,34,499","45,82,84,697.50","15,968","56,901",42.31
SUPREMEIND,EQ,16-Apr-2025,"3,378.50","3,360.00","3,416.70","3,263.00","3,380.50","3,398.20","3,351.63","2,56,805","86,07,15,442.60","37,779","88,573",34.49
SUPREMEIND,EQ,15-Apr-2025,"3,168.50","3,256.90","3,392.00","3,206.10","3,386.00","3,378.50","3,329.79","1,81,024","60,27,71,764.20","26,460","1,01,593",56.12
SUPREMEIND,EQ,11-Apr-2025,"3,133.40","3,160.05","3,199.95","3,146.05","3,186.55","3,168.50","3,165.56","1,56,605","49,57,41,775.70","19,177","91,786",58.61
SUPREMEIND,EQ,09-Apr-2025,"3,208.05","3,195.00","3,199.95","3,105.40","3,150.10","3,133.40","3,141.25","1,29,669","40,73,23,083.70","18,599","70,025",54.0
SUPREMEIND,EQ,08-Apr-2025,"3,112.40","3,188.05","3,236.70","3,114.40","3,234.95","3,208.05","3,181.72","1,27,568","40,58,85,439.15","19,546","57,452",45.04
SUPREMEIND,EQ,07-Apr-2025,"3,278.60","3,114.40","3,172.80","3,095.00","3,120.05","3,112.40","3,128.20","2,02,784","63,43,47,929.50","30,016","1,03,378",50.98
SUPREMEIND,EQ,04-Apr-2025,"3,424.30","3,416.55","3,431.85","3,256.00","3,289.00","3,278.60","3,302.97","92,962","30,70,50,310.30","16,230","38,538",41.46
SUPREMEIND,EQ,03-Apr-2025,"3,355.15","3,338.35","3,436.15","3,321.50","3,423.00","3,424.30","3,415.34","2,46,697","84,25,53,320.80","23,711","1,69,295",68.62
SUPREMEIND,EQ,02-Apr-2025,"3,331.75","3,332.00","3,377.95","3,300.00","3,355.00","3,355.15","3,354.03","5,54,232","1,85,89,10,596.85","38,769","4,39,022",79.21
SUPREMEIND,EQ,01-Apr-2025,"3,426.25","3,426.25","3,459.95","3,325.00","3,331.00","3,331.75","3,367.03","1,20,051","40,42,15,702.50","19,866","55,448",46.19
SUPREMEIND,EQ,28-Mar-2025,"3,460.25","3,467.95","3,504.10","3,394.00","3,425.00","3,426.25","3,444.05","1,32,706","45,70,45,732.85","23,498","66,797",50.33
SUPREMEIND,EQ,27-Mar-2025,"3,415.80","3,400.00","3,505.85","3,372.30","3,458.00","3,460.25","3,467.81","1,60,654","55,71,17,079.85","25,213","68,676",42.75
SUPREMEIND,EQ,26-Mar-2025,"3,458.15","3,462.50","3,485.20","3,400.00","3,414.95","3,415.80","3,441.76","1,68,022","57,82,91,372.55","21,546","86,180",51.29
